<?xml version="1.0" encoding="UTF-8"?>

<AllergyIntolerance xmlns="http://hl7.org/fhir">
  <id value="noneknown"/>
  <meta>
    <profile value="https://www.naps.org.au/fhir/gp/StructureDefinition/gp-naps-allergyintolerance"/>
  </meta>
  <text>
    <status value="generated"/><div xmlns="http://www.w3.org/1999/xhtml"><p><b>Generated Narrative: AllergyIntolerance</b><a name="noneknown"> </a></p><div style="display: inline-block; background-color: #d9e0e7; padding: 6px; margin: 4px; border: 1px solid #8da1b4; border-radius: 5px; line-height: 60%"><p style="margin-bottom: 0px">Resource AllergyIntolerance &quot;noneknown&quot; </p><p style="margin-bottom: 0px">Profile: <a href="StructureDefinition-gp-naps-allergyintolerance.html">GP NAPS AllergyIntolerance</a></p></div><p><b>clinicalStatus</b>: Active <span style="background: LightGoldenRodYellow; margin: 4px; border: 1px solid khaki"> (<a href="http://terminology.hl7.org/5.0.0/CodeSystem-allergyintolerance-clinical.html">AllergyIntolerance Clinical Status Codes</a>#active)</span></p><p><b>verificationStatus</b>: Unconfirmed <span style="background: LightGoldenRodYellow; margin: 4px; border: 1px solid khaki"> (<a href="http://terminology.hl7.org/5.0.0/CodeSystem-allergyintolerance-verification.html">AllergyIntolerance Verification Status</a>#unconfirmed)</span></p><p><b>code</b>: No known allergy <span style="background: LightGoldenRodYellow; margin: 4px; border: 1px solid khaki"> (<a href="https://browser.ihtsdotools.org/">SNOMED CT</a>#716186003)</span></p><p><b>patient</b>: <a href="Patient-naps-patient-3.html">Patient/naps-patient-3</a></p></div>
  </text>
  <clinicalStatus>
    <coding>
      <system value="http://terminology.hl7.org/CodeSystem/allergyintolerance-clinical"/>
      <code value="active"/>
      <display value="Active"/>
    </coding>
  </clinicalStatus>
  <verificationStatus>
    <coding>
      <system value="http://terminology.hl7.org/CodeSystem/allergyintolerance-verification"/>
      <code value="unconfirmed"/>
      <display value="Unconfirmed"/>
    </coding>
  </verificationStatus>
  <code>
    <coding>
      <system value="http://snomed.info/sct"/>
      <code value="716186003"/>
      <display value="No known allergy"/>
    </coding>
  </code>
  <patient>
    <reference value="Patient/naps-patient-3"/>
  </patient>
</AllergyIntolerance>