[
  {
    "id" : "naps-script-authority-type",
    "type" : "CodeSystem",
    "url" : "https://www.naps.org.au/fhir/gp/CodeSystem/naps-script-authority-type",
    "version" : "0.1.0-preview",
    "name" : "PrescriptionAuthorityType"
  },
  {
    "id" : "naps.fhir.au.gp",
    "type" : "ImplementationGuide",
    "url" : "https://www.naps.org.au/fhir/gp/ImplementationGuide/naps.fhir.au.gp",
    "version" : "0.1.0-preview",
    "name" : "GPNAPS"
  },
  {
    "id" : "gp-naps-age",
    "type" : "StructureDefinition",
    "url" : "https://www.naps.org.au/fhir/gp/StructureDefinition/gp-naps-age",
    "version" : "0.1.0-preview",
    "name" : "GPNAPSAge"
  },
  {
    "id" : "gp-naps-allergyintolerance",
    "type" : "StructureDefinition",
    "url" : "https://www.naps.org.au/fhir/gp/StructureDefinition/gp-naps-allergyintolerance",
    "version" : "0.1.0-preview",
    "name" : "GPNAPSAllergyIntolerance"
  },
  {
    "id" : "gp-naps-bodyweight",
    "type" : "StructureDefinition",
    "url" : "https://www.naps.org.au/fhir/gp/StructureDefinition/gp-naps-bodyweight",
    "version" : "0.1.0-preview",
    "name" : "GPNAPSBodyWeight"
  },
  {
    "id" : "gp-naps-encounter",
    "type" : "StructureDefinition",
    "url" : "https://www.naps.org.au/fhir/gp/StructureDefinition/gp-naps-encounter",
    "version" : "0.1.0-preview",
    "name" : "GPNAPSEncounter"
  },
  {
    "id" : "gp-naps-gestational-age-trimester",
    "type" : "StructureDefinition",
    "url" : "https://www.naps.org.au/fhir/gp/StructureDefinition/gp-naps-gestational-age-trimester",
    "version" : "0.1.0-preview",
    "name" : "GPNAPSGestationalAgeTrimester"
  },
  {
    "id" : "gp-naps-medicationrequest",
    "type" : "StructureDefinition",
    "url" : "https://www.naps.org.au/fhir/gp/StructureDefinition/gp-naps-medicationrequest",
    "version" : "0.1.0-preview",
    "name" : "GPNAPSMedicationRequest"
  },
  {
    "id" : "gp-naps-medicationstatement",
    "type" : "StructureDefinition",
    "url" : "https://www.naps.org.au/fhir/gp/StructureDefinition/gp-naps-medicationstatement",
    "version" : "0.1.0-preview",
    "name" : "GPNAPSMedicationStatement"
  },
  {
    "id" : "gp-naps-organization",
    "type" : "StructureDefinition",
    "url" : "https://www.naps.org.au/fhir/gp/StructureDefinition/gp-naps-organization",
    "version" : "0.1.0-preview",
    "name" : "GPNAPSOrganization"
  },
  {
    "id" : "gp-naps-pathologyresult",
    "type" : "StructureDefinition",
    "url" : "https://www.naps.org.au/fhir/gp/StructureDefinition/gp-naps-pathologyresult",
    "version" : "0.1.0-preview",
    "name" : "GPNAPSPathologyResult"
  },
  {
    "id" : "gp-naps-patient",
    "type" : "StructureDefinition",
    "url" : "https://www.naps.org.au/fhir/gp/StructureDefinition/gp-naps-patient",
    "version" : "0.1.0-preview",
    "name" : "GPNAPSPatient"
  },
  {
    "id" : "gp-naps-practitionerrole",
    "type" : "StructureDefinition",
    "url" : "https://www.naps.org.au/fhir/gp/StructureDefinition/gp-naps-practitionerrole",
    "version" : "0.1.0-preview",
    "name" : "GPNAPSPractitionerRole"
  },
  {
    "id" : "gp-naps-script-authority-type",
    "type" : "StructureDefinition",
    "url" : "https://www.naps.org.au/fhir/gp/StructureDefinition/gp-naps-script-authority-type",
    "version" : "0.1.0-preview",
    "name" : "PrescriptionAuthorityType"
  },
  {
    "id" : "gp-naps-smokingstatus",
    "type" : "StructureDefinition",
    "url" : "https://www.naps.org.au/fhir/gp/StructureDefinition/gp-naps-smokingstatus",
    "version" : "0.1.0-preview",
    "name" : "GPNAPSSmokingStatus"
  },
  {
    "id" : "gp-naps-specimen",
    "type" : "StructureDefinition",
    "url" : "https://www.naps.org.au/fhir/gp/StructureDefinition/gp-naps-specimen",
    "version" : "0.1.0-preview",
    "name" : "GPNAPSSpecimen"
  },
  {
    "id" : "naps-age-units",
    "type" : "ValueSet",
    "url" : "https://www.naps.org.au/fhir/gp/ValueSet/naps-age-units",
    "version" : "0.1.0-preview",
    "name" : "NAPSAgeUnits"
  },
  {
    "id" : "naps-gestational-age-trimester",
    "type" : "ValueSet",
    "url" : "https://www.naps.org.au/fhir/gp/ValueSet/naps-gestational-age-trimester",
    "version" : "0.1.0-preview",
    "name" : "NAPSGestationalAgeTrimesterResponse"
  },
  {
    "id" : "naps-script-authority-type",
    "type" : "ValueSet",
    "url" : "https://www.naps.org.au/fhir/gp/ValueSet/naps-script-authority-type",
    "version" : "0.1.0-preview",
    "name" : "PrescriptionAuthorityType"
  }
]
