<?xml version="1.0" encoding="UTF-8"?>

<Bundle xmlns="http://hl7.org/fhir">
  <id value="46bca7a4-cf4a-4295-9271-d83a2e4a41f3"/>
  <meta>
    <lastUpdated value="2023-03-28T00:56:50.577+00:00"/>
  </meta>
  <type value="collection"/>
  <entry>
    <fullUrl value="https://www.naps.org.au/fhir/gp/ValueSet/naps-age-units"/>
    <resource>
      <ValueSet>
        <id value="naps-age-units"/>
        <meta>
          <profile value="http://hl7.org/fhir/StructureDefinition/shareablevalueset"/>
        </meta>
        <text>
          <status value="generated"/>
          <div xmlns="http://www.w3.org/1999/xhtml">
            <p>This value set contains 2 concepts</p>
            <p style="border: black 1px dotted; background-color: #EEEEEE; padding: 8px; margin-bottom: 8px">Expansion based on UCUM version 2.0.1</p>
            <table class="codes">
              <tr>
                <td style="white-space:nowrap">
                  <b>Code</b>
                </td>
                <td>
                  <b>System</b>
                </td>
                <td>
                  <b>Display</b>
                </td>
              </tr>
              <tr>
                <td style="white-space:nowrap">
                  <a name="http---unitsofmeasure.org-mo"> </a>  mo
                </td>
                <td>http://unitsofmeasure.org</td>
                <td>months</td>
              </tr>
              <tr>
                <td style="white-space:nowrap">
                  <a name="http---unitsofmeasure.org-a"> </a>  a
                </td>
                <td>http://unitsofmeasure.org</td>
                <td>years</td>
              </tr>
            </table>
          </div>
        </text>
        <url value="https://www.naps.org.au/fhir/gp/ValueSet/naps-age-units"/>
        <version value="0.1.0-preview"/>
        <name value="NAPSAgeUnits"/>
        <title value="NAPS Age Units"/>
        <status value="draft"/>
        <experimental value="false"/>
        <date value="2023-03-28T00:56:50+00:00"/>
        <publisher value="National Centre for Antimicrobial Stewardship"/>
        <contact>
          <telecom>
            <system value="url"/>
            <value value="https://www.naps.org.au/"/>
          </telecom>
        </contact>
        <description value="The NAPS Age Units value set includes values from UCUM (Unified Code for Units of Measure) for the supported age units (days, weeks, months, years)."/>
        <jurisdiction>
          <coding>
            <system value="urn:iso:std:iso:3166"/>
            <code value="AU"/>
          </coding>
        </jurisdiction>
        <copyright value="The UCUM codes, UCUM table (regardless of format), and UCUM Specification are copyright © 1999-2009, Regenstrief Institute, Inc. and the Unified Codes for Units of Measures (UCUM) Organization. All rights reserved."/>
        <expansion>
          <identifier value="urn:uuid:88cb8e30-47c2-4311-9eec-51b243aff94c"/>
          <timestamp value="2023-03-28T00:57:20+00:00"/>
          <total value="2"/>
          <parameter>
            <name value="excludeNested"/>
            <valueBoolean value="false"/>
          </parameter>
          <parameter>
            <name value="limitedExpansion"/>
            <valueBoolean value="true"/>
          </parameter>
          <parameter>
            <name value="version"/>
            <valueUri value="http://unitsofmeasure.org|2.0.1"/>
          </parameter>
          <contains>
            <system value="http://unitsofmeasure.org"/>
            <code value="mo"/>
            <display value="months"/>
          </contains>
          <contains>
            <system value="http://unitsofmeasure.org"/>
            <code value="a"/>
            <display value="years"/>
          </contains>
        </expansion>
      </ValueSet>
    </resource>
  </entry>
  <entry>
    <fullUrl value="https://www.naps.org.au/fhir/gp/ValueSet/naps-script-authority-type"/>
    <resource>
      <ValueSet>
        <id value="naps-script-authority-type"/>
        <meta>
          <profile value="http://hl7.org/fhir/StructureDefinition/shareablevalueset"/>
        </meta>
        <text>
          <status value="generated"/>
          <div xmlns="http://www.w3.org/1999/xhtml">
            <p>This value set contains 4 concepts</p>
            <p style="border: black 1px dotted; background-color: #EEEEEE; padding: 8px; margin-bottom: 8px">Expansion based on 
              <a href="CodeSystem-naps-script-authority-type.html">Prescription Authority Type v0.1.0-preview (CodeSystem)</a>
            </p>
            <table class="codes">
              <tr>
                <td style="white-space:nowrap">
                  <b>Code</b>
                </td>
                <td>
                  <b>System</b>
                </td>
                <td>
                  <b>Display</b>
                </td>
              </tr>
              <tr>
                <td style="white-space:nowrap">
                  <a name="https---www.naps.org.au-fhir-gp-CodeSystem-naps-script-authority-type-dva"> </a>  
                  <a href="CodeSystem-naps-script-authority-type.html#naps-script-authority-type-dva">dva</a>
                </td>
                <td>https://www.naps.org.au/fhir/gp/CodeSystem/naps-script-authority-type</td>
                <td>Department of Veterans' Affairs</td>
              </tr>
              <tr>
                <td style="white-space:nowrap">
                  <a name="https---www.naps.org.au-fhir-gp-CodeSystem-naps-script-authority-type-pbs"> </a>  
                  <a href="CodeSystem-naps-script-authority-type.html#naps-script-authority-type-pbs">pbs</a>
                </td>
                <td>https://www.naps.org.au/fhir/gp/CodeSystem/naps-script-authority-type</td>
                <td>Pharmaceutical Benefits Scheme</td>
              </tr>
              <tr>
                <td style="white-space:nowrap">
                  <a name="https---www.naps.org.au-fhir-gp-CodeSystem-naps-script-authority-type-priv"> </a>  
                  <a href="CodeSystem-naps-script-authority-type.html#naps-script-authority-type-priv">priv</a>
                </td>
                <td>https://www.naps.org.au/fhir/gp/CodeSystem/naps-script-authority-type</td>
                <td>Private</td>
              </tr>
              <tr>
                <td style="white-space:nowrap">
                  <a name="https---www.naps.org.au-fhir-gp-CodeSystem-naps-script-authority-type-auth"> </a>  
                  <a href="CodeSystem-naps-script-authority-type.html#naps-script-authority-type-auth">auth</a>
                </td>
                <td>https://www.naps.org.au/fhir/gp/CodeSystem/naps-script-authority-type</td>
                <td>Authority</td>
              </tr>
            </table>
          </div>
        </text>
        <url value="https://www.naps.org.au/fhir/gp/ValueSet/naps-script-authority-type"/>
        <version value="0.1.0-preview"/>
        <name value="PrescriptionAuthorityType"/>
        <title value="Prescription Authority Type"/>
        <status value="draft"/>
        <experimental value="false"/>
        <date value="2023-03-28T00:56:50+00:00"/>
        <publisher value="National Centre for Antimicrobial Stewardship"/>
        <contact>
          <telecom>
            <system value="url"/>
            <value value="https://www.naps.org.au/"/>
          </telecom>
        </contact>
        <description value="The Prescription Authority Type value set includes values that indicate the prescription authority type under Pharmaceutical Benefits Scheme (PBS) prescribing requirements.&#xA;&#xA;This value set will be submitted to HL7 Australia for inclusion in the [HL7 AU Base Implementation Guide](http://build.fhir.org/ig/hl7au/au-fhir-base/). If accepted, this GP NAPS content will be replaced with HL7 Australia content."/>
        <jurisdiction>
          <coding>
            <system value="urn:iso:std:iso:3166"/>
            <code value="AU"/>
          </coding>
        </jurisdiction>
        <expansion>
          <identifier value="urn:uuid:4a2b074a-0b5d-4cf2-a707-a18b7640fbe9"/>
          <timestamp value="2023-03-28T00:57:21+00:00"/>
          <total value="4"/>
          <parameter>
            <name value="excludeNested"/>
            <valueBoolean value="false"/>
          </parameter>
          <parameter>
            <name value="version"/>
            <valueUri value="https://www.naps.org.au/fhir/gp/CodeSystem/naps-script-authority-type|0.1.0-preview"/>
          </parameter>
          <contains>
            <system value="https://www.naps.org.au/fhir/gp/CodeSystem/naps-script-authority-type"/>
            <code value="dva"/>
            <display value="Department of Veterans' Affairs"/>
          </contains>
          <contains>
            <system value="https://www.naps.org.au/fhir/gp/CodeSystem/naps-script-authority-type"/>
            <code value="pbs"/>
            <display value="Pharmaceutical Benefits Scheme"/>
          </contains>
          <contains>
            <system value="https://www.naps.org.au/fhir/gp/CodeSystem/naps-script-authority-type"/>
            <code value="priv"/>
            <display value="Private"/>
          </contains>
          <contains>
            <system value="https://www.naps.org.au/fhir/gp/CodeSystem/naps-script-authority-type"/>
            <code value="auth"/>
            <display value="Authority"/>
          </contains>
        </expansion>
      </ValueSet>
    </resource>
  </entry>
  <entry>
    <fullUrl value="https://www.naps.org.au/fhir/gp/ValueSet/naps-gestational-age-trimester"/>
    <resource>
      <ValueSet>
        <id value="naps-gestational-age-trimester"/>
        <meta>
          <profile value="http://hl7.org/fhir/StructureDefinition/shareablevalueset"/>
        </meta>
        <text>
          <status value="generated"/>
          <div xmlns="http://www.w3.org/1999/xhtml">
            <p>This value set contains 5 concepts</p>
            <div style="border: black 1px dotted; background-color: #EEEEEE; padding: 8px; margin-bottom: 8px">
              <p>Expansion based on: </p>
              <ul>
                <li>SNOMED CT Australian edition 31-Jul 2022</li>
                <li>
                  <a href="http://terminology.hl7.org/5.0.0/CodeSystem-data-absent-reason.html">DataAbsentReason v0.1.0 (CodeSystem)</a>
                </li>
              </ul>
            </div>
            <table class="codes">
              <tr>
                <td style="white-space:nowrap">
                  <b>Code</b>
                </td>
                <td>
                  <b>System</b>
                </td>
                <td>
                  <b>Display</b>
                </td>
                <td>
                  <b>Definition</b>
                </td>
              </tr>
              <tr>
                <td style="white-space:nowrap">
                  <a name="http---snomed.info-sct-57630001"> </a>  
                  <a href="http://snomed.info/id/57630001">57630001</a>
                </td>
                <td>http://snomed.info/sct</td>
                <td>First trimester pregnancy</td>
                <td>
                  <div/>
                </td>
              </tr>
              <tr>
                <td style="white-space:nowrap">
                  <a name="http---snomed.info-sct-59466002"> </a>  
                  <a href="http://snomed.info/id/59466002">59466002</a>
                </td>
                <td>http://snomed.info/sct</td>
                <td>Second trimester pregnancy</td>
                <td>
                  <div/>
                </td>
              </tr>
              <tr>
                <td style="white-space:nowrap">
                  <a name="http---snomed.info-sct-41587001"> </a>  
                  <a href="http://snomed.info/id/41587001">41587001</a>
                </td>
                <td>http://snomed.info/sct</td>
                <td>Third trimester pregnancy</td>
                <td>
                  <div/>
                </td>
              </tr>
              <tr>
                <td style="white-space:nowrap">
                  <a name="http---snomed.info-sct-60001007"> </a>  
                  <a href="http://snomed.info/id/60001007">60001007</a>
                </td>
                <td>http://snomed.info/sct</td>
                <td>Non-pregnant state</td>
                <td>
                  <div/>
                </td>
              </tr>
              <tr>
                <td style="white-space:nowrap">
                  <a name="http---terminology.hl7.org-CodeSystem-data-absent-reason-unknown"> </a>  
                  <a href="http://terminology.hl7.org/5.0.0/CodeSystem-data-absent-reason.html#data-absent-reason-unknown">unknown</a>
                </td>
                <td>http://terminology.hl7.org/CodeSystem/data-absent-reason</td>
                <td>Unknown</td>
                <td>
                  <div>
                    <p>The value is expected to exist but is not known.</p>

                  </div>
                </td>
              </tr>
            </table>
          </div>
        </text>
        <url value="https://www.naps.org.au/fhir/gp/ValueSet/naps-gestational-age-trimester"/>
        <version value="0.1.0-preview"/>
        <name value="NAPSGestationalAgeTrimesterResponse"/>
        <title value="NAPS Gestational Age Trimester Response"/>
        <status value="draft"/>
        <experimental value="false"/>
        <date value="2023-03-28T00:56:50+00:00"/>
        <publisher value="National Centre for Antimicrobial Stewardship"/>
        <contact>
          <telecom>
            <system value="url"/>
            <value value="https://www.naps.org.au/"/>
          </telecom>
        </contact>
        <description value="The NAPS Gestational Age Trimester Response value set includes values that may be used to represent a response for the gestational age by trimester for a patient."/>
        <jurisdiction>
          <coding>
            <system value="urn:iso:std:iso:3166"/>
            <code value="AU"/>
          </coding>
        </jurisdiction>
        <copyright value="This resource includes SNOMED Clinical Terms™ (SNOMED CT®) which is used by permission of the International Health Terminology Standards Development Organisation (IHTSDO). All rights reserved. SNOMED CT®, was originally created by The College of American Pathologists. “SNOMED” and “SNOMED CT” are registered trademarks of the IHTSDO. &#xA;&#xA;The rights to use and implement or implementation of SNOMED CT content are limited to the extent it is necessary to allow for the end use of this material.  No further rights are granted in respect of the International Release and no further use of any SNOMED CT content by any other party is permitted."/>
        <expansion>
          <identifier value="urn:uuid:218bc4c6-5440-4d9f-a893-41c5135eb13c"/>
          <timestamp value="2023-03-28T00:57:29+00:00"/>
          <total value="5"/>
          <parameter>
            <name value="excludeNested"/>
            <valueBoolean value="false"/>
          </parameter>
          <parameter>
            <name value="limitedExpansion"/>
            <valueBoolean value="true"/>
          </parameter>
          <parameter>
            <name value="version"/>
            <valueUri value="http://snomed.info/sct|http://snomed.info/sct/32506021000036107/version/20220731"/>
          </parameter>
          <parameter>
            <name value="version"/>
            <valueUri value="http://terminology.hl7.org/CodeSystem/data-absent-reason|0.1.0"/>
          </parameter>
          <contains>
            <system value="http://snomed.info/sct"/>
            <code value="57630001"/>
            <display value="First trimester pregnancy"/>
          </contains>
          <contains>
            <system value="http://snomed.info/sct"/>
            <code value="59466002"/>
            <display value="Second trimester pregnancy"/>
          </contains>
          <contains>
            <system value="http://snomed.info/sct"/>
            <code value="41587001"/>
            <display value="Third trimester pregnancy"/>
          </contains>
          <contains>
            <system value="http://snomed.info/sct"/>
            <code value="60001007"/>
            <display value="Non-pregnant state"/>
          </contains>
          <contains>
            <system value="http://terminology.hl7.org/CodeSystem/data-absent-reason"/>
            <code value="unknown"/>
            <display value="Unknown"/>
          </contains>
        </expansion>
      </ValueSet>
    </resource>
  </entry>
</Bundle>