{
  "resourceType" : "Bundle",
  "id" : "46bca7a4-cf4a-4295-9271-d83a2e4a41f3",
  "meta" : {
    "lastUpdated" : "2023-03-28T00:56:50.577+00:00"
  },
  "type" : "collection",
  "entry" : [{
    "fullUrl" : "https://www.naps.org.au/fhir/gp/ValueSet/naps-age-units",
    "resource" : {
      "resourceType" : "ValueSet",
      "id" : "naps-age-units",
      "meta" : {
        "profile" : ["http://hl7.org/fhir/StructureDefinition/shareablevalueset"]
      },
      "text" : {
        "status" : "generated",
        "div" : "<div xmlns=\"http://www.w3.org/1999/xhtml\"><p>This value set contains 2 concepts</p><p style=\"border: black 1px dotted; background-color: #EEEEEE; padding: 8px; margin-bottom: 8px\">Expansion based on UCUM version 2.0.1</p><table class=\"codes\"><tr><td style=\"white-space:nowrap\"><b>Code</b></td><td><b>System</b></td><td><b>Display</b></td></tr><tr><td style=\"white-space:nowrap\"><a name=\"http---unitsofmeasure.org-mo\"> </a>\u00a0\u00a0mo</td><td>http://unitsofmeasure.org</td><td>months</td></tr><tr><td style=\"white-space:nowrap\"><a name=\"http---unitsofmeasure.org-a\"> </a>\u00a0\u00a0a</td><td>http://unitsofmeasure.org</td><td>years</td></tr></table></div>"
      },
      "url" : "https://www.naps.org.au/fhir/gp/ValueSet/naps-age-units",
      "version" : "0.1.0-preview",
      "name" : "NAPSAgeUnits",
      "title" : "NAPS Age Units",
      "status" : "draft",
      "experimental" : false,
      "date" : "2023-03-28T00:56:50+00:00",
      "publisher" : "National Centre for Antimicrobial Stewardship",
      "contact" : [{
        "telecom" : [{
          "system" : "url",
          "value" : "https://www.naps.org.au/"
        }]
      }],
      "description" : "The NAPS Age Units value set includes values from UCUM (Unified Code for Units of Measure) for the supported age units (days, weeks, months, years).",
      "jurisdiction" : [{
        "coding" : [{
          "system" : "urn:iso:std:iso:3166",
          "code" : "AU"
        }]
      }],
      "copyright" : "The UCUM codes, UCUM table (regardless of format), and UCUM Specification are copyright © 1999-2009, Regenstrief Institute, Inc. and the Unified Codes for Units of Measures (UCUM) Organization. All rights reserved.",
      "expansion" : {
        "identifier" : "urn:uuid:88cb8e30-47c2-4311-9eec-51b243aff94c",
        "timestamp" : "2023-03-28T00:57:20+00:00",
        "total" : 2,
        "parameter" : [{
          "name" : "excludeNested",
          "valueBoolean" : false
        },
        {
          "name" : "limitedExpansion",
          "valueBoolean" : true
        },
        {
          "name" : "version",
          "valueUri" : "http://unitsofmeasure.org|2.0.1"
        }],
        "contains" : [{
          "system" : "http://unitsofmeasure.org",
          "code" : "mo",
          "display" : "months"
        },
        {
          "system" : "http://unitsofmeasure.org",
          "code" : "a",
          "display" : "years"
        }]
      }
    }
  },
  {
    "fullUrl" : "https://www.naps.org.au/fhir/gp/ValueSet/naps-script-authority-type",
    "resource" : {
      "resourceType" : "ValueSet",
      "id" : "naps-script-authority-type",
      "meta" : {
        "profile" : ["http://hl7.org/fhir/StructureDefinition/shareablevalueset"]
      },
      "text" : {
        "status" : "generated",
        "div" : "<div xmlns=\"http://www.w3.org/1999/xhtml\"><p>This value set contains 4 concepts</p><p style=\"border: black 1px dotted; background-color: #EEEEEE; padding: 8px; margin-bottom: 8px\">Expansion based on <a href=\"CodeSystem-naps-script-authority-type.html\">Prescription Authority Type v0.1.0-preview (CodeSystem)</a></p><table class=\"codes\"><tr><td style=\"white-space:nowrap\"><b>Code</b></td><td><b>System</b></td><td><b>Display</b></td></tr><tr><td style=\"white-space:nowrap\"><a name=\"https---www.naps.org.au-fhir-gp-CodeSystem-naps-script-authority-type-dva\"> </a>\u00a0\u00a0<a href=\"CodeSystem-naps-script-authority-type.html#naps-script-authority-type-dva\">dva</a></td><td>https://www.naps.org.au/fhir/gp/CodeSystem/naps-script-authority-type</td><td>Department of Veterans' Affairs</td></tr><tr><td style=\"white-space:nowrap\"><a name=\"https---www.naps.org.au-fhir-gp-CodeSystem-naps-script-authority-type-pbs\"> </a>\u00a0\u00a0<a href=\"CodeSystem-naps-script-authority-type.html#naps-script-authority-type-pbs\">pbs</a></td><td>https://www.naps.org.au/fhir/gp/CodeSystem/naps-script-authority-type</td><td>Pharmaceutical Benefits Scheme</td></tr><tr><td style=\"white-space:nowrap\"><a name=\"https---www.naps.org.au-fhir-gp-CodeSystem-naps-script-authority-type-priv\"> </a>\u00a0\u00a0<a href=\"CodeSystem-naps-script-authority-type.html#naps-script-authority-type-priv\">priv</a></td><td>https://www.naps.org.au/fhir/gp/CodeSystem/naps-script-authority-type</td><td>Private</td></tr><tr><td style=\"white-space:nowrap\"><a name=\"https---www.naps.org.au-fhir-gp-CodeSystem-naps-script-authority-type-auth\"> </a>\u00a0\u00a0<a href=\"CodeSystem-naps-script-authority-type.html#naps-script-authority-type-auth\">auth</a></td><td>https://www.naps.org.au/fhir/gp/CodeSystem/naps-script-authority-type</td><td>Authority</td></tr></table></div>"
      },
      "url" : "https://www.naps.org.au/fhir/gp/ValueSet/naps-script-authority-type",
      "version" : "0.1.0-preview",
      "name" : "PrescriptionAuthorityType",
      "title" : "Prescription Authority Type",
      "status" : "draft",
      "experimental" : false,
      "date" : "2023-03-28T00:56:50+00:00",
      "publisher" : "National Centre for Antimicrobial Stewardship",
      "contact" : [{
        "telecom" : [{
          "system" : "url",
          "value" : "https://www.naps.org.au/"
        }]
      }],
      "description" : "The Prescription Authority Type value set includes values that indicate the prescription authority type under Pharmaceutical Benefits Scheme (PBS) prescribing requirements.\n\nThis value set will be submitted to HL7 Australia for inclusion in the [HL7 AU Base Implementation Guide](http://build.fhir.org/ig/hl7au/au-fhir-base/). If accepted, this GP NAPS content will be replaced with HL7 Australia content.",
      "jurisdiction" : [{
        "coding" : [{
          "system" : "urn:iso:std:iso:3166",
          "code" : "AU"
        }]
      }],
      "expansion" : {
        "identifier" : "urn:uuid:4a2b074a-0b5d-4cf2-a707-a18b7640fbe9",
        "timestamp" : "2023-03-28T00:57:21+00:00",
        "total" : 4,
        "parameter" : [{
          "name" : "excludeNested",
          "valueBoolean" : false
        },
        {
          "name" : "version",
          "valueUri" : "https://www.naps.org.au/fhir/gp/CodeSystem/naps-script-authority-type|0.1.0-preview"
        }],
        "contains" : [{
          "system" : "https://www.naps.org.au/fhir/gp/CodeSystem/naps-script-authority-type",
          "code" : "dva",
          "display" : "Department of Veterans' Affairs"
        },
        {
          "system" : "https://www.naps.org.au/fhir/gp/CodeSystem/naps-script-authority-type",
          "code" : "pbs",
          "display" : "Pharmaceutical Benefits Scheme"
        },
        {
          "system" : "https://www.naps.org.au/fhir/gp/CodeSystem/naps-script-authority-type",
          "code" : "priv",
          "display" : "Private"
        },
        {
          "system" : "https://www.naps.org.au/fhir/gp/CodeSystem/naps-script-authority-type",
          "code" : "auth",
          "display" : "Authority"
        }]
      }
    }
  },
  {
    "fullUrl" : "https://www.naps.org.au/fhir/gp/ValueSet/naps-gestational-age-trimester",
    "resource" : {
      "resourceType" : "ValueSet",
      "id" : "naps-gestational-age-trimester",
      "meta" : {
        "profile" : ["http://hl7.org/fhir/StructureDefinition/shareablevalueset"]
      },
      "text" : {
        "status" : "generated",
        "div" : "<div xmlns=\"http://www.w3.org/1999/xhtml\"><p>This value set contains 5 concepts</p><div style=\"border: black 1px dotted; background-color: #EEEEEE; padding: 8px; margin-bottom: 8px\"><p>Expansion based on: </p><ul><li>SNOMED CT Australian edition 31-Jul 2022</li><li><a href=\"http://terminology.hl7.org/5.0.0/CodeSystem-data-absent-reason.html\">DataAbsentReason v0.1.0 (CodeSystem)</a></li></ul></div><table class=\"codes\"><tr><td style=\"white-space:nowrap\"><b>Code</b></td><td><b>System</b></td><td><b>Display</b></td><td><b>Definition</b></td></tr><tr><td style=\"white-space:nowrap\"><a name=\"http---snomed.info-sct-57630001\"> </a>\u00a0\u00a0<a href=\"http://snomed.info/id/57630001\">57630001</a></td><td>http://snomed.info/sct</td><td>First trimester pregnancy</td><td><div></div></td></tr><tr><td style=\"white-space:nowrap\"><a name=\"http---snomed.info-sct-59466002\"> </a>\u00a0\u00a0<a href=\"http://snomed.info/id/59466002\">59466002</a></td><td>http://snomed.info/sct</td><td>Second trimester pregnancy</td><td><div></div></td></tr><tr><td style=\"white-space:nowrap\"><a name=\"http---snomed.info-sct-41587001\"> </a>\u00a0\u00a0<a href=\"http://snomed.info/id/41587001\">41587001</a></td><td>http://snomed.info/sct</td><td>Third trimester pregnancy</td><td><div></div></td></tr><tr><td style=\"white-space:nowrap\"><a name=\"http---snomed.info-sct-60001007\"> </a>\u00a0\u00a0<a href=\"http://snomed.info/id/60001007\">60001007</a></td><td>http://snomed.info/sct</td><td>Non-pregnant state</td><td><div></div></td></tr><tr><td style=\"white-space:nowrap\"><a name=\"http---terminology.hl7.org-CodeSystem-data-absent-reason-unknown\"> </a>\u00a0\u00a0<a href=\"http://terminology.hl7.org/5.0.0/CodeSystem-data-absent-reason.html#data-absent-reason-unknown\">unknown</a></td><td>http://terminology.hl7.org/CodeSystem/data-absent-reason</td><td>Unknown</td><td><div><p>The value is expected to exist but is not known.</p>\n</div></td></tr></table></div>"
      },
      "url" : "https://www.naps.org.au/fhir/gp/ValueSet/naps-gestational-age-trimester",
      "version" : "0.1.0-preview",
      "name" : "NAPSGestationalAgeTrimesterResponse",
      "title" : "NAPS Gestational Age Trimester Response",
      "status" : "draft",
      "experimental" : false,
      "date" : "2023-03-28T00:56:50+00:00",
      "publisher" : "National Centre for Antimicrobial Stewardship",
      "contact" : [{
        "telecom" : [{
          "system" : "url",
          "value" : "https://www.naps.org.au/"
        }]
      }],
      "description" : "The NAPS Gestational Age Trimester Response value set includes values that may be used to represent a response for the gestational age by trimester for a patient.",
      "jurisdiction" : [{
        "coding" : [{
          "system" : "urn:iso:std:iso:3166",
          "code" : "AU"
        }]
      }],
      "copyright" : "This resource includes SNOMED Clinical Terms™ (SNOMED CT®) which is used by permission of the International Health Terminology Standards Development Organisation (IHTSDO). All rights reserved. SNOMED CT®, was originally created by The College of American Pathologists. “SNOMED” and “SNOMED CT” are registered trademarks of the IHTSDO. \n\nThe rights to use and implement or implementation of SNOMED CT content are limited to the extent it is necessary to allow for the end use of this material.  No further rights are granted in respect of the International Release and no further use of any SNOMED CT content by any other party is permitted.",
      "expansion" : {
        "identifier" : "urn:uuid:218bc4c6-5440-4d9f-a893-41c5135eb13c",
        "timestamp" : "2023-03-28T00:57:29+00:00",
        "total" : 5,
        "parameter" : [{
          "name" : "excludeNested",
          "valueBoolean" : false
        },
        {
          "name" : "limitedExpansion",
          "valueBoolean" : true
        },
        {
          "name" : "version",
          "valueUri" : "http://snomed.info/sct|http://snomed.info/sct/32506021000036107/version/20220731"
        },
        {
          "name" : "version",
          "valueUri" : "http://terminology.hl7.org/CodeSystem/data-absent-reason|0.1.0"
        }],
        "contains" : [{
          "system" : "http://snomed.info/sct",
          "code" : "57630001",
          "display" : "First trimester pregnancy"
        },
        {
          "system" : "http://snomed.info/sct",
          "code" : "59466002",
          "display" : "Second trimester pregnancy"
        },
        {
          "system" : "http://snomed.info/sct",
          "code" : "41587001",
          "display" : "Third trimester pregnancy"
        },
        {
          "system" : "http://snomed.info/sct",
          "code" : "60001007",
          "display" : "Non-pregnant state"
        },
        {
          "system" : "http://terminology.hl7.org/CodeSystem/data-absent-reason",
          "code" : "unknown",
          "display" : "Unknown"
        }]
      }
    }
  }]
}