{
  "resourceType" : "MedicationRequest",
  "id" : "valaciclovir",
  "meta" : {
    "profile" : ["https://www.naps.org.au/fhir/gp/StructureDefinition/gp-naps-medicationrequest"]
  },
  "text" : {
    "status" : "extensions",
    "div" : "<div xmlns=\"http://www.w3.org/1999/xhtml\"><p><b>Generated Narrative: MedicationRequest</b><a name=\"valaciclovir\"> </a></p><div style=\"display: inline-block; background-color: #d9e0e7; padding: 6px; margin: 4px; border: 1px solid #8da1b4; border-radius: 5px; line-height: 60%\"><p style=\"margin-bottom: 0px\">Resource MedicationRequest &quot;valaciclovir&quot; </p><p style=\"margin-bottom: 0px\">Profile: <a href=\"StructureDefinition-gp-naps-medicationrequest.html\">GP NAPS MedicationRequest</a></p></div><p><b>Prescription Authority Type</b>: Private (Details: https://www.naps.org.au/fhir/gp/CodeSystem/naps-script-authority-type code priv = 'Private', stated as 'Private')</p><p><b>status</b>: unknown</p><p><b>intent</b>: order</p><p><b>medication</b>: Valaciclovir <span style=\"background: LightGoldenRodYellow; margin: 4px; border: 1px solid khaki\"> ()</span></p><p><b>subject</b>: <a href=\"Patient-naps-patient-2.html\">Patient/naps-patient-2</a></p><p><b>encounter</b>: <a href=\"Encounter-naps-encounter-2.html\">Encounter/naps-encounter-2</a></p><p><b>supportingInformation</b>: </p><ul><li><a href=\"Observation-naps-age-lessthanmonth.html\">Observation/naps-age-lessthanmonth</a></li><li><a href=\"Observation-naps-1st-trimester.html\">Observation/naps-1st-trimester</a></li></ul><p><b>authoredOn</b>: 2018-07-15</p><p><b>requester</b>: <a href=\"PractitionerRole-naps-practitionerrole-3.html\">PractitionerRole/naps-practitionerrole-3</a></p><p><b>reasonCode</b>: Infected prosthetic joint or bone prosthesis <span style=\"background: LightGoldenRodYellow; margin: 4px; border: 1px solid khaki\"> ()</span></p><blockquote><p><b>dosageInstruction</b></p><p><b>timing</b>: Once per 24 hours</p><p><b>route</b>: Oral route <span style=\"background: LightGoldenRodYellow; margin: 4px; border: 1px solid khaki\"> (<a href=\"https://browser.ihtsdotools.org/\">SNOMED CT</a>#26643006)</span></p><blockquote><p><b>doseAndRate</b></p></blockquote></blockquote></div>"
  },
  "extension" : [{
    "url" : "https://www.naps.org.au/fhir/gp/StructureDefinition/gp-naps-script-authority-type",
    "valueCoding" : {
      "system" : "https://www.naps.org.au/fhir/gp/CodeSystem/naps-script-authority-type",
      "code" : "priv",
      "display" : "Private"
    }
  }],
  "status" : "unknown",
  "intent" : "order",
  "medicationCodeableConcept" : {
    "text" : "Valaciclovir"
  },
  "subject" : {
    "reference" : "Patient/naps-patient-2"
  },
  "encounter" : {
    "reference" : "Encounter/naps-encounter-2"
  },
  "supportingInformation" : [{
    "reference" : "Observation/naps-age-lessthanmonth"
  },
  {
    "reference" : "Observation/naps-1st-trimester"
  }],
  "authoredOn" : "2018-07-15",
  "requester" : {
    "reference" : "PractitionerRole/naps-practitionerrole-3"
  },
  "reasonCode" : [{
    "text" : "Infected prosthetic joint or bone prosthesis"
  }],
  "dosageInstruction" : [{
    "timing" : {
      "repeat" : {
        "frequency" : 1,
        "period" : 24,
        "periodUnit" : "h"
      }
    },
    "route" : {
      "coding" : [{
        "system" : "http://snomed.info/sct",
        "code" : "26643006",
        "display" : "Oral route"
      }]
    },
    "doseAndRate" : [{
      "doseQuantity" : {
        "value" : 500,
        "unit" : "mL",
        "system" : "http://unitsofmeasure.org",
        "code" : "mL"
      }
    }]
  }]
}