<?xml version="1.0" encoding="UTF-8"?>

<MedicationStatement xmlns="http://hl7.org/fhir">
  <id value="rulide"/>
  <meta>
    <profile value="https://www.naps.org.au/fhir/gp/StructureDefinition/gp-naps-medicationstatement"/>
  </meta>
  <text>
    <status value="extensions"/><div xmlns="http://www.w3.org/1999/xhtml"><p><b>Generated Narrative: MedicationStatement</b><a name="rulide"> </a></p><div style="display: inline-block; background-color: #d9e0e7; padding: 6px; margin: 4px; border: 1px solid #8da1b4; border-radius: 5px; line-height: 60%"><p style="margin-bottom: 0px">Resource MedicationStatement &quot;rulide&quot; </p><p style="margin-bottom: 0px">Profile: <a href="StructureDefinition-gp-naps-medicationstatement.html">GP NAPS MedicationStatement</a></p></div><p><b>Long Term</b>: false</p><p><b>status</b>: intended</p><p><b>medication</b>: Rulide 150 mg tablet <span style="background: LightGoldenRodYellow; margin: 4px; border: 1px solid khaki"> (<a href="https://browser.ihtsdotools.org/">SNOMED CT</a>#5368011000036100)</span></p><p><b>subject</b>: <a href="Patient-naps-patient-1.html">Patient/naps-patient-1</a></p><p><b>dateAsserted</b>: 2022-02-10</p><p><b>derivedFrom</b>: <a href="MedicationRequest-rulide.html">MedicationRequest/rulide</a></p><p><b>reasonCode</b>: Sinusitis <span style="background: LightGoldenRodYellow; margin: 4px; border: 1px solid khaki"> (<a href="https://browser.ihtsdotools.org/">SNOMED CT</a>#36971009)</span></p><blockquote><p><b>dosage</b></p><p><b>text</b>: 1 tab Twice a day before meals</p><p><b>route</b>: Oral route <span style="background: LightGoldenRodYellow; margin: 4px; border: 1px solid khaki"> (<a href="https://browser.ihtsdotools.org/">SNOMED CT</a>#26643006)</span></p><blockquote><p><b>doseAndRate</b></p></blockquote></blockquote></div>
  </text>
  <!--  Long_Term  -->
  <extension url="http://hl7.org.au/fhir/StructureDefinition/medication-long-term">
    <valueBoolean value="false"/>
  </extension>
  <!--  Derived from MedicationRequest that is instance-order - Medication  -->
  <status value="intended"/>
  <!--  Derived from MedicationRequest.medicationCodeableConcept  -->
  <medicationCodeableConcept>
    <coding>
      <system value="http://snomed.info/sct"/>
      <code value="5368011000036100"/>
      <display value="Rulide 150 mg tablet"/>
    </coding>
    <text value="Rulide 150 mg tablet"/>
  </medicationCodeableConcept>
  <!--  Derived from MedicationRequest - Subject  -->
  <subject>
    <reference value="Patient/naps-patient-1"/>
  </subject>
  <!--  Derived from MedicationRequest - Date Prescribed  -->
  <dateAsserted value="2022-02-10"/>
  <derivedFrom>
    <reference value="MedicationRequest/rulide"/>
  </derivedFrom>
  <!--  Derived from MedicationRequest - Indication for Antimicrobial  -->
  <reasonCode>
    <coding>
      <system value="http://snomed.info/sct"/>
      <code value="36971009"/>
      <display value="Sinusitis"/>
    </coding>
    <text value="Sinusitis"/>
  </reasonCode>
  <!--  Derived from MedicationRequest - Dosage  -->
  <dosage>
    <text value="1 tab Twice a day before meals"/>
    <!--  Route  -->
    <route>
      <coding>
        <system value="http://snomed.info/sct"/>
        <code value="26643006"/>
        <display value="Oral route"/>
      </coding>
    </route>
    <doseAndRate>
      <doseQuantity>
        <!--  Dose  -->
        <value value="1"/>
        <!--  Dose unit  -->
        <unit value="TAB"/>
        <system value="http://terminology.hl7.org/CodeSystem/v3-orderableDrugForm"/>
        <code value="TAB"/>
      </doseQuantity>
    </doseAndRate>
  </dosage>
</MedicationStatement>