{
  "resourceType" : "MedicationRequest",
  "id" : "rulide",
  "meta" : {
    "profile" : ["https://www.naps.org.au/fhir/gp/StructureDefinition/gp-naps-medicationrequest"]
  },
  "text" : {
    "status" : "extensions",
    "div" : "<div xmlns=\"http://www.w3.org/1999/xhtml\"><p><b>Generated Narrative: MedicationRequest</b><a name=\"rulide\"> </a></p><div style=\"display: inline-block; background-color: #d9e0e7; padding: 6px; margin: 4px; border: 1px solid #8da1b4; border-radius: 5px; line-height: 60%\"><p style=\"margin-bottom: 0px\">Resource MedicationRequest &quot;rulide&quot; </p><p style=\"margin-bottom: 0px\">Profile: <a href=\"StructureDefinition-gp-naps-medicationrequest.html\">GP NAPS MedicationRequest</a></p></div><p><b>Prescription Authority Type</b>: Pharmaceutical Benefits Scheme (Details: https://www.naps.org.au/fhir/gp/CodeSystem/naps-script-authority-type code pbs = 'Pharmaceutical Benefits Scheme', stated as 'Pharmaceutical Benefits Scheme')</p><p><b>status</b>: unknown</p><p><b>intent</b>: order</p><p><b>medication</b>: Rulide 150 mg tablet <span style=\"background: LightGoldenRodYellow; margin: 4px; border: 1px solid khaki\"> (<a href=\"https://browser.ihtsdotools.org/\">SNOMED CT</a>#5368011000036100)</span></p><p><b>subject</b>: <a href=\"Patient-naps-patient-1.html\">Patient/naps-patient-1</a></p><p><b>encounter</b>: <a href=\"Encounter-naps-encounter-1.html\">Encounter/naps-encounter-1</a></p><p><b>supportingInformation</b>: <a href=\"Observation-naps-age-49y.html\">Observation/naps-age-49y</a></p><p><b>authoredOn</b>: 2022-02-10</p><p><b>requester</b>: <a href=\"PractitionerRole-naps-practitionerrole-1.html\">PractitionerRole/naps-practitionerrole-1</a></p><p><b>reasonCode</b>: Sinusitis <span style=\"background: LightGoldenRodYellow; margin: 4px; border: 1px solid khaki\"> (<a href=\"https://browser.ihtsdotools.org/\">SNOMED CT</a>#36971009)</span></p><blockquote><p><b>dosageInstruction</b></p><p><b>text</b>: 1 tab Twice a day before meals</p><p><b>timing</b>: Code: Twice a day before meals</p><p><b>route</b>: Oral route <span style=\"background: LightGoldenRodYellow; margin: 4px; border: 1px solid khaki\"> (<a href=\"https://browser.ihtsdotools.org/\">SNOMED CT</a>#26643006)</span></p><blockquote><p><b>doseAndRate</b></p></blockquote></blockquote><h3>DispenseRequests</h3><table class=\"grid\"><tr><td>-</td><td><b>ValidityPeriod</b></td><td><b>NumberOfRepeatsAllowed</b></td><td><b>Quantity</b></td></tr><tr><td>*</td><td>2022-02-10 --&gt; (ongoing)</td><td>1</td><td>10 Tab</td></tr></table></div>"
  },
  "extension" : [{
    "url" : "https://www.naps.org.au/fhir/gp/StructureDefinition/gp-naps-script-authority-type",
    "valueCoding" : {
      "system" : "https://www.naps.org.au/fhir/gp/CodeSystem/naps-script-authority-type",
      "code" : "pbs",
      "display" : "Pharmaceutical Benefits Scheme"
    }
  }],
  "status" : "unknown",
  "intent" : "order",
  "medicationCodeableConcept" : {
    "coding" : [{
      "system" : "http://snomed.info/sct",
      "code" : "5368011000036100",
      "display" : "Rulide 150 mg tablet"
    }],
    "text" : "Rulide 150 mg tablet"
  },
  "subject" : {
    "reference" : "Patient/naps-patient-1"
  },
  "encounter" : {
    "reference" : "Encounter/naps-encounter-1"
  },
  "supportingInformation" : [{
    "reference" : "Observation/naps-age-49y"
  }],
  "authoredOn" : "2022-02-10",
  "requester" : {
    "reference" : "PractitionerRole/naps-practitionerrole-1"
  },
  "reasonCode" : [{
    "coding" : [{
      "system" : "http://snomed.info/sct",
      "code" : "36971009",
      "display" : "Sinusitis"
    }],
    "text" : "Sinusitis"
  }],
  "dosageInstruction" : [{
    "text" : "1 tab Twice a day before meals",
    "timing" : {
      "code" : {
        "text" : "Twice a day before meals"
      }
    },
    "route" : {
      "coding" : [{
        "system" : "http://snomed.info/sct",
        "code" : "26643006",
        "display" : "Oral route"
      }]
    },
    "doseAndRate" : [{
      "doseQuantity" : {
        "value" : 1,
        "unit" : "TAB",
        "system" : "http://terminology.hl7.org/CodeSystem/v3-orderableDrugForm",
        "code" : "TAB"
      }
    }]
  }],
  "dispenseRequest" : {
    "validityPeriod" : {
      "start" : "2022-02-10"
    },
    "numberOfRepeatsAllowed" : 1,
    "quantity" : {
      "value" : 10,
      "unit" : "Tab"
    }
  }
}