{
  "resourceType" : "Observation",
  "id" : "naps-1st-trimester",
  "meta" : {
    "profile" : ["https://www.naps.org.au/fhir/gp/StructureDefinition/gp-naps-gestational-age-trimester"]
  },
  "text" : {
    "status" : "generated",
    "div" : "<div xmlns=\"http://www.w3.org/1999/xhtml\"><p><b>Generated Narrative: Observation</b><a name=\"naps-1st-trimester\"> </a></p><div style=\"display: inline-block; background-color: #d9e0e7; padding: 6px; margin: 4px; border: 1px solid #8da1b4; border-radius: 5px; line-height: 60%\"><p style=\"margin-bottom: 0px\">Resource Observation &quot;naps-1st-trimester&quot; </p><p style=\"margin-bottom: 0px\">Profile: <a href=\"StructureDefinition-gp-naps-gestational-age-trimester.html\">GP NAPS Gestational Age Trimester</a></p></div><p><b>status</b>: final</p><p><b>code</b>: Finding of length of gestation <span style=\"background: LightGoldenRodYellow; margin: 4px; border: 1px solid khaki\"> (<a href=\"https://browser.ihtsdotools.org/\">SNOMED CT</a>#366323009)</span></p><p><b>subject</b>: <a href=\"Patient-naps-patient-2.html\">Patient/naps-patient-2</a></p><p><b>effective</b>: 2018-07-15</p><p><b>value</b>: First trimester pregnancy <span style=\"background: LightGoldenRodYellow; margin: 4px; border: 1px solid khaki\"> (<a href=\"https://browser.ihtsdotools.org/\">SNOMED CT</a>#57630001)</span></p></div>"
  },
  "status" : "final",
  "code" : {
    "coding" : [{
      "system" : "http://snomed.info/sct",
      "code" : "366323009",
      "display" : "Finding of length of gestation"
    }]
  },
  "subject" : {
    "reference" : "Patient/naps-patient-2"
  },
  "effectiveDateTime" : "2018-07-15",
  "valueCodeableConcept" : {
    "coding" : [{
      "system" : "http://snomed.info/sct",
      "code" : "57630001",
      "display" : "First trimester pregnancy"
    }]
  }
}