<?xml version="1.0" encoding="UTF-8"?>

<Observation xmlns="http://hl7.org/fhir">
  <id value="naps-egfr-1"/>
  <meta>
    <profile value="https://www.naps.org.au/fhir/gp/StructureDefinition/gp-naps-pathologyresult"/>
  </meta>
  <text>
    <status value="generated"/><div xmlns="http://www.w3.org/1999/xhtml"><p><b>Generated Narrative: Observation</b><a name="naps-egfr-1"> </a></p><div style="display: inline-block; background-color: #d9e0e7; padding: 6px; margin: 4px; border: 1px solid #8da1b4; border-radius: 5px; line-height: 60%"><p style="margin-bottom: 0px">Resource Observation &quot;naps-egfr-1&quot; </p><p style="margin-bottom: 0px">Profile: <a href="StructureDefinition-gp-naps-pathologyresult.html">GP NAPS Pathology Result</a></p></div><p><b>status</b>: final</p><p><b>category</b>: Laboratory <span style="background: LightGoldenRodYellow; margin: 4px; border: 1px solid khaki"> (<a href="http://terminology.hl7.org/5.0.0/CodeSystem-observation-category.html">Observation Category Codes</a>#laboratory)</span></p><p><b>code</b>: Glomerular filtration rate/1.73 sq M.predicted [Volume Rate/Area] in Serum, Plasma or Blood by Creatinine-based formula (CKD-EPI) <span style="background: LightGoldenRodYellow; margin: 4px; border: 1px solid khaki"> (<a href="https://loinc.org/">LOINC</a>#62238-1)</span></p><p><b>subject</b>: <a href="Patient-naps-patient-1.html">Patient/naps-patient-1</a></p><p><b>effective</b>: 2020-10-02</p><p><b>value</b>: &gt;60 mL/min/1.73m2<span style="background: LightGoldenRodYellow"> (Details: UCUM code mL/min/{1.73_m2} = 'mL/min/{1.73_m2}')</span></p></div>
  </text>
  <status value="final"/>
  <category>
    <coding>
      <system value="http://terminology.hl7.org/CodeSystem/observation-category"/>
      <code value="laboratory"/>
      <display value="Laboratory"/>
    </coding>
  </category>
  <code>
    <!--      Kind of observation = eGFR    -->
    <coding>
      <system value="http://loinc.org"/>
      <code value="62238-1"/>
    </coding>
  </code>
  <subject>
    <reference value="Patient/naps-patient-1"/>
  </subject>
  <effectiveDateTime value="2020-10-02"/>
  <!--  eGFR  -->
  <valueQuantity>
    <value value="60"/>
    <comparator value="&gt;"/>
    <unit value="mL/min/1.73m2"/>
    <system value="http://unitsofmeasure.org"/>
    <code value="mL/min/{1.73_m2}"/>
  </valueQuantity>
</Observation>