<?xml version="1.0" encoding="UTF-8"?>

<Observation xmlns="http://hl7.org/fhir">
  <id value="naps-age-49y"/>
  <meta>
    <profile value="https://www.naps.org.au/fhir/gp/StructureDefinition/gp-naps-age"/>
  </meta>
  <text>
    <status value="generated"/><div xmlns="http://www.w3.org/1999/xhtml"><p><b>Generated Narrative: Observation</b><a name="naps-age-49y"> </a></p><div style="display: inline-block; background-color: #d9e0e7; padding: 6px; margin: 4px; border: 1px solid #8da1b4; border-radius: 5px; line-height: 60%"><p style="margin-bottom: 0px">Resource Observation &quot;naps-age-49y&quot; </p><p style="margin-bottom: 0px">Profile: <a href="StructureDefinition-gp-naps-age.html">GP NAPS Age</a></p></div><p><b>status</b>: final</p><p><b>code</b>: Age <span style="background: LightGoldenRodYellow; margin: 4px; border: 1px solid khaki"> (<a href="https://browser.ihtsdotools.org/">SNOMED CT</a>#424144002)</span></p><p><b>subject</b>: <a href="Patient-naps-patient-1.html">Patient/naps-patient-1</a></p><p><b>effective</b>: 2022-02-10</p><p><b>value</b>: 49 year<span style="background: LightGoldenRodYellow"> (Details: UCUM code a = 'a')</span></p></div>
  </text>
  <status value="final"/>
  <code>
    <coding>
      <system value="http://snomed.info/sct"/>
      <code value="424144002"/>
    </coding>
    <text value="Age"/>
  </code>
  <subject>
    <reference value="Patient/naps-patient-1"/>
  </subject>
  <effectiveDateTime value="2022-02-10"/>
  <!--  Patient age in years  -->
  <valueQuantity>
    <value value="49"/>
    <unit value="year"/>
    <system value="http://unitsofmeasure.org"/>
    <code value="a"/>
  </valueQuantity>
</Observation>