<?xml version="1.0" encoding="UTF-8"?>

<Observation xmlns="http://hl7.org/fhir">
  <id value="naps-1st-trimester"/>
  <meta>
    <profile value="https://www.naps.org.au/fhir/gp/StructureDefinition/gp-naps-gestational-age-trimester"/>
  </meta>
  <text>
    <status value="generated"/><div xmlns="http://www.w3.org/1999/xhtml"><p><b>Generated Narrative: Observation</b><a name="naps-1st-trimester"> </a></p><div style="display: inline-block; background-color: #d9e0e7; padding: 6px; margin: 4px; border: 1px solid #8da1b4; border-radius: 5px; line-height: 60%"><p style="margin-bottom: 0px">Resource Observation &quot;naps-1st-trimester&quot; </p><p style="margin-bottom: 0px">Profile: <a href="StructureDefinition-gp-naps-gestational-age-trimester.html">GP NAPS Gestational Age Trimester</a></p></div><p><b>status</b>: final</p><p><b>code</b>: Finding of length of gestation <span style="background: LightGoldenRodYellow; margin: 4px; border: 1px solid khaki"> (<a href="https://browser.ihtsdotools.org/">SNOMED CT</a>#366323009)</span></p><p><b>subject</b>: <a href="Patient-naps-patient-2.html">Patient/naps-patient-2</a></p><p><b>effective</b>: 2018-07-15</p><p><b>value</b>: First trimester pregnancy <span style="background: LightGoldenRodYellow; margin: 4px; border: 1px solid khaki"> (<a href="https://browser.ihtsdotools.org/">SNOMED CT</a>#57630001)</span></p></div>
  </text>
  <status value="final"/>
  <code>
    <coding>
      <system value="http://snomed.info/sct"/>
      <code value="366323009"/>
      <display value="Finding of length of gestation"/>
    </coding>
  </code>
  <subject>
    <reference value="Patient/naps-patient-2"/>
  </subject>
  <effectiveDateTime value="2018-07-15"/>
  <valueCodeableConcept>
    <coding>
      <system value="http://snomed.info/sct"/>
      <code value="57630001"/>
      <display value="First trimester pregnancy"/>
    </coding>
  </valueCodeableConcept>
</Observation>