{
  "resourceType" : "Organization",
  "id" : "naps-organization-2",
  "meta" : {
    "profile" : ["https://www.naps.org.au/fhir/gp/StructureDefinition/gp-naps-organization"]
  },
  "text" : {
    "status" : "generated",
    "div" : "<div xmlns=\"http://www.w3.org/1999/xhtml\"><p><b>Generated Narrative: Organization</b><a name=\"naps-organization-2\"> </a></p><div style=\"display: inline-block; background-color: #d9e0e7; padding: 6px; margin: 4px; border: 1px solid #8da1b4; border-radius: 5px; line-height: 60%\"><p style=\"margin-bottom: 0px\">Resource Organization &quot;naps-organization-2&quot; </p><p style=\"margin-bottom: 0px\">Profile: <a href=\"StructureDefinition-gp-naps-organization.html\">GP NAPS Organization</a></p></div><p><b>identifier</b>: id:\u00a0urn:uuid:53fefa32-fcbb-4ff8-8a92-55ee120877b7</p><p><b>type</b>: GP practice <span style=\"background: LightGoldenRodYellow; margin: 4px; border: 1px solid khaki\"> (<a href=\"https://browser.ihtsdotools.org/\">SNOMED CT</a>#394761003)</span></p><p><b>address</b>: VIC 3002 </p></div>"
  },
  "identifier" : [{
    "system" : "urn:ietf:rfc:3986",
    "value" : "urn:uuid:53fefa32-fcbb-4ff8-8a92-55ee120877b7"
  }],
  "type" : [{
    "coding" : [{
      "system" : "http://snomed.info/sct",
      "code" : "394761003"
    }],
    "text" : "GP practice"
  }],
  "address" : [{
    "state" : "VIC",
    "postalCode" : "3002"
  }]
}