{
  "resourceType" : "PractitionerRole",
  "id" : "naps-practitionerrole-3",
  "meta" : {
    "profile" : ["https://www.naps.org.au/fhir/gp/StructureDefinition/gp-naps-practitionerrole"]
  },
  "text" : {
    "status" : "generated",
    "div" : "<div xmlns=\"http://www.w3.org/1999/xhtml\"><p><b>Generated Narrative: PractitionerRole</b><a name=\"naps-practitionerrole-3\"> </a></p><div style=\"display: inline-block; background-color: #d9e0e7; padding: 6px; margin: 4px; border: 1px solid #8da1b4; border-radius: 5px; line-height: 60%\"><p style=\"margin-bottom: 0px\">Resource PractitionerRole &quot;naps-practitionerrole-3&quot; </p><p style=\"margin-bottom: 0px\">Profile: <a href=\"StructureDefinition-gp-naps-practitionerrole.html\">GP NAPS PractitionerRole</a></p></div><p><b>organization</b>: <a href=\"Organization-naps-organization-2.html\">Organization/naps-organization-2</a></p><p><b>specialty</b>: Oncology <span style=\"background: LightGoldenRodYellow; margin: 4px; border: 1px solid khaki\"> (<a href=\"https://browser.ihtsdotools.org/\">SNOMED CT</a>#394593009)</span></p></div>"
  },
  "organization" : {
    "reference" : "Organization/naps-organization-2"
  },
  "specialty" : [{
    "coding" : [{
      "system" : "http://snomed.info/sct",
      "code" : "394593009"
    }],
    "text" : "Oncology"
  }]
}