<?xml version="1.0" encoding="UTF-8"?>

<Specimen xmlns="http://hl7.org/fhir">
  <id value="eyeswab"/>
  <meta>
    <profile value="https://www.naps.org.au/fhir/gp/StructureDefinition/gp-naps-specimen"/>
  </meta>
  <text>
    <status value="generated"/><div xmlns="http://www.w3.org/1999/xhtml"><p><b>Generated Narrative: Specimen</b><a name="eyeswab"> </a></p><div style="display: inline-block; background-color: #d9e0e7; padding: 6px; margin: 4px; border: 1px solid #8da1b4; border-radius: 5px; line-height: 60%"><p style="margin-bottom: 0px">Resource Specimen &quot;eyeswab&quot; </p><p style="margin-bottom: 0px">Profile: <a href="StructureDefinition-gp-naps-specimen.html">GP NAPS Specimen</a></p></div><p><b>type</b>: Eye swab <span style="background: LightGoldenRodYellow; margin: 4px; border: 1px solid khaki"> ()</span></p><p><b>subject</b>: <a href="Patient-naps-patient-3.html">Patient/naps-patient-3</a></p><h3>Collections</h3><table class="grid"><tr><td>-</td><td><b>Collected[x]</b></td></tr><tr><td>*</td><td>2023-02-27</td></tr></table></div>
  </text>
  <type>
    <text value="Eye swab"/>
  </type>
  <subject>
    <reference value="Patient/naps-patient-3"/>
  </subject>
  <collection>
    <collectedDateTime value="2023-02-27"/>
  </collection>
</Specimen>