{
  "resourceType" : "Specimen",
  "id" : "eyeswab",
  "meta" : {
    "profile" : ["https://www.naps.org.au/fhir/gp/StructureDefinition/gp-naps-specimen"]
  },
  "text" : {
    "status" : "generated",
    "div" : "<div xmlns=\"http://www.w3.org/1999/xhtml\"><p><b>Generated Narrative: Specimen</b><a name=\"eyeswab\"> </a></p><div style=\"display: inline-block; background-color: #d9e0e7; padding: 6px; margin: 4px; border: 1px solid #8da1b4; border-radius: 5px; line-height: 60%\"><p style=\"margin-bottom: 0px\">Resource Specimen &quot;eyeswab&quot; </p><p style=\"margin-bottom: 0px\">Profile: <a href=\"StructureDefinition-gp-naps-specimen.html\">GP NAPS Specimen</a></p></div><p><b>type</b>: Eye swab <span style=\"background: LightGoldenRodYellow; margin: 4px; border: 1px solid khaki\"> ()</span></p><p><b>subject</b>: <a href=\"Patient-naps-patient-3.html\">Patient/naps-patient-3</a></p><h3>Collections</h3><table class=\"grid\"><tr><td>-</td><td><b>Collected[x]</b></td></tr><tr><td>*</td><td>2023-02-27</td></tr></table></div>"
  },
  "type" : {
    "text" : "Eye swab"
  },
  "subject" : {
    "reference" : "Patient/naps-patient-3"
  },
  "collection" : {
    "collectedDateTime" : "2023-02-27"
  }
}