{
  "resourceType" : "ValueSet",
  "id" : "naps-script-authority-type",
  "meta" : {
    "profile" : ["http://hl7.org/fhir/StructureDefinition/shareablevalueset"]
  },
  "text" : {
    "status" : "generated",
    "div" : "<div xmlns=\"http://www.w3.org/1999/xhtml\"><ul><li>Include all codes defined in <a href=\"CodeSystem-naps-script-authority-type.html\"><code>https://www.naps.org.au/fhir/gp/CodeSystem/naps-script-authority-type</code></a></li></ul></div>"
  },
  "url" : "https://www.naps.org.au/fhir/gp/ValueSet/naps-script-authority-type",
  "version" : "0.1.0-preview",
  "name" : "PrescriptionAuthorityType",
  "title" : "Prescription Authority Type",
  "status" : "draft",
  "experimental" : false,
  "date" : "2023-03-28T00:56:50+00:00",
  "publisher" : "National Centre for Antimicrobial Stewardship",
  "contact" : [{
    "telecom" : [{
      "system" : "url",
      "value" : "https://www.naps.org.au/"
    }]
  }],
  "description" : "The Prescription Authority Type value set includes values that indicate the prescription authority type under Pharmaceutical Benefits Scheme (PBS) prescribing requirements.\n\nThis value set will be submitted to HL7 Australia for inclusion in the [HL7 AU Base Implementation Guide](http://build.fhir.org/ig/hl7au/au-fhir-base/). If accepted, this GP NAPS content will be replaced with HL7 Australia content.",
  "jurisdiction" : [{
    "coding" : [{
      "system" : "urn:iso:std:iso:3166",
      "code" : "AU"
    }]
  }],
  "compose" : {
    "include" : [{
      "system" : "https://www.naps.org.au/fhir/gp/CodeSystem/naps-script-authority-type"
    }]
  }
}