{
  "resourceType" : "ValueSet",
  "id" : "naps-gestational-age-trimester",
  "meta" : {
    "profile" : ["http://hl7.org/fhir/StructureDefinition/shareablevalueset"]
  },
  "text" : {
    "status" : "extensions",
    "div" : "<div xmlns=\"http://www.w3.org/1999/xhtml\"><p>This value set includes codes based on the following rules:</p><ul><li>Include these codes as defined in <a href=\"http://www.snomed.org/\"><code>http://snomed.info/sct</code></a><table class=\"none\"><tr><td style=\"white-space:nowrap\"><b>Code</b></td><td><b>Display</b></td></tr><tr><td><a href=\"http://snomed.info/id/57630001\">57630001</a></td><td>First trimester pregnancy</td></tr><tr><td><a href=\"http://snomed.info/id/59466002\">59466002</a></td><td>Second trimester pregnancy</td></tr><tr><td><a href=\"http://snomed.info/id/41587001\">41587001</a></td><td>Third trimester pregnancy</td></tr><tr><td><a href=\"http://snomed.info/id/60001007\">60001007</a></td><td>Non-pregnant state</td></tr></table></li><li>Include these codes as defined in <a href=\"http://terminology.hl7.org/5.0.0/CodeSystem-data-absent-reason.html\"><code>http://terminology.hl7.org/CodeSystem/data-absent-reason</code></a><table class=\"none\"><tr><td style=\"white-space:nowrap\"><b>Code</b></td><td><b>Display</b></td><td><b>Definition</b></td></tr><tr><td><a href=\"http://terminology.hl7.org/5.0.0/CodeSystem-data-absent-reason.html#data-absent-reason-unknown\">unknown</a></td><td>Unknown</td><td>The value is expected to exist but is not known.</td></tr></table></li></ul></div>"
  },
  "url" : "https://www.naps.org.au/fhir/gp/ValueSet/naps-gestational-age-trimester",
  "version" : "0.1.0-preview",
  "name" : "NAPSGestationalAgeTrimesterResponse",
  "title" : "NAPS Gestational Age Trimester Response",
  "status" : "draft",
  "experimental" : false,
  "date" : "2023-03-28T00:56:50+00:00",
  "publisher" : "National Centre for Antimicrobial Stewardship",
  "contact" : [{
    "telecom" : [{
      "system" : "url",
      "value" : "https://www.naps.org.au/"
    }]
  }],
  "description" : "The NAPS Gestational Age Trimester Response value set includes values that may be used to represent a response for the gestational age by trimester for a patient.",
  "jurisdiction" : [{
    "coding" : [{
      "system" : "urn:iso:std:iso:3166",
      "code" : "AU"
    }]
  }],
  "copyright" : "This resource includes SNOMED Clinical Terms™ (SNOMED CT®) which is used by permission of the International Health Terminology Standards Development Organisation (IHTSDO). All rights reserved. SNOMED CT®, was originally created by The College of American Pathologists. “SNOMED” and “SNOMED CT” are registered trademarks of the IHTSDO. \n\nThe rights to use and implement or implementation of SNOMED CT content are limited to the extent it is necessary to allow for the end use of this material.  No further rights are granted in respect of the International Release and no further use of any SNOMED CT content by any other party is permitted.",
  "compose" : {
    "include" : [{
      "system" : "http://snomed.info/sct",
      "concept" : [{
        "code" : "57630001"
      },
      {
        "code" : "59466002"
      },
      {
        "code" : "41587001"
      },
      {
        "code" : "60001007"
      }]
    },
    {
      "system" : "http://terminology.hl7.org/CodeSystem/data-absent-reason",
      "concept" : [{
        "code" : "unknown"
      }]
    }]
  }
}