<?xml version="1.0" encoding="UTF-8"?>

<ValueSet xmlns="http://hl7.org/fhir">
  <id value="naps-script-authority-type"/>
  <meta>
    <profile value="http://hl7.org/fhir/StructureDefinition/shareablevalueset"/>
  </meta>
  <text>
    <status value="generated"/><div xmlns="http://www.w3.org/1999/xhtml"><ul><li>Include all codes defined in <a href="CodeSystem-naps-script-authority-type.html"><code>https://www.naps.org.au/fhir/gp/CodeSystem/naps-script-authority-type</code></a></li></ul></div>
  </text>
  <url value="https://www.naps.org.au/fhir/gp/ValueSet/naps-script-authority-type"/>
  <version value="0.1.0-preview"/>
  <name value="PrescriptionAuthorityType"/>
  <title value="Prescription Authority Type"/>
  <status value="draft"/>
  <experimental value="false"/>
  <date value="2023-03-28T00:56:50+00:00"/>
  <publisher value="National Centre for Antimicrobial Stewardship"/>
  <contact>
    <telecom>
      <system value="url"/>
      <value value="https://www.naps.org.au/"/>
    </telecom>
  </contact>
  <description value="The Prescription Authority Type value set includes values that indicate the prescription authority type under Pharmaceutical Benefits Scheme (PBS) prescribing requirements.&#xA;&#xA;This value set will be submitted to HL7 Australia for inclusion in the [HL7 AU Base Implementation Guide](http://build.fhir.org/ig/hl7au/au-fhir-base/). If accepted, this GP NAPS content will be replaced with HL7 Australia content."/>
  <jurisdiction>
    <coding>
      <system value="urn:iso:std:iso:3166"/>
      <code value="AU"/>
    </coding>
  </jurisdiction>
  <compose>
    <include>
      <system value="https://www.naps.org.au/fhir/gp/CodeSystem/naps-script-authority-type"/>
    </include>
  </compose>
</ValueSet>