<?xml version="1.0" encoding="UTF-8"?>

<ValueSet xmlns="http://hl7.org/fhir">
  <id value="naps-age-units"/>
  <meta>
    <profile value="http://hl7.org/fhir/StructureDefinition/shareablevalueset"/>
  </meta>
  <text>
    <status value="generated"/><div xmlns="http://www.w3.org/1999/xhtml"><ul><li>Include these codes as defined in <a href="http://unitsofmeasure.org"><code>http://unitsofmeasure.org</code></a><table class="none"><tr><td style="white-space:nowrap"><b>Code</b></td><td><b>Display</b></td></tr><tr><td>mo</td><td>months</td></tr><tr><td>a</td><td>years</td></tr></table></li></ul></div>
  </text>
  <url value="https://www.naps.org.au/fhir/gp/ValueSet/naps-age-units"/>
  <version value="0.1.0-preview"/>
  <name value="NAPSAgeUnits"/>
  <title value="NAPS Age Units"/>
  <status value="draft"/>
  <experimental value="false"/>
  <date value="2023-03-28T00:56:50+00:00"/>
  <publisher value="National Centre for Antimicrobial Stewardship"/>
  <contact>
    <telecom>
      <system value="url"/>
      <value value="https://www.naps.org.au/"/>
    </telecom>
  </contact>
  <description value="The NAPS Age Units value set includes values from UCUM (Unified Code for Units of Measure) for the supported age units (days, weeks, months, years)."/>
  <jurisdiction>
    <coding>
      <system value="urn:iso:std:iso:3166"/>
      <code value="AU"/>
    </coding>
  </jurisdiction>
  <copyright value="The UCUM codes, UCUM table (regardless of format), and UCUM Specification are copyright © 1999-2009, Regenstrief Institute, Inc. and the Unified Codes for Units of Measures (UCUM) Organization. All rights reserved."/>
  <compose>
    <include>
      <system value="http://unitsofmeasure.org"/>
      <concept>
        <code value="mo"/>
        <display value="months"/>
      </concept>
      <concept>
        <code value="a"/>
        <display value="years"/>
      </concept>
    </include>
  </compose>
</ValueSet>