{
  "resourceType" : "AllergyIntolerance",
  "id" : "bactrim",
  "meta" : {
    "profile" : ["https://www.naps.org.au/fhir/gp/StructureDefinition/gp-naps-allergyintolerance"]
  },
  "text" : {
    "status" : "generated",
    "div" : "<div xmlns=\"http://www.w3.org/1999/xhtml\"><p><b>Generated Narrative: AllergyIntolerance</b><a name=\"bactrim\"> </a></p><div style=\"display: inline-block; background-color: #d9e0e7; padding: 6px; margin: 4px; border: 1px solid #8da1b4; border-radius: 5px; line-height: 60%\"><p style=\"margin-bottom: 0px\">Resource AllergyIntolerance &quot;bactrim&quot; </p><p style=\"margin-bottom: 0px\">Profile: <a href=\"StructureDefinition-gp-naps-allergyintolerance.html\">GP NAPS AllergyIntolerance</a></p></div><p><b>clinicalStatus</b>: Active <span style=\"background: LightGoldenRodYellow; margin: 4px; border: 1px solid khaki\"> (<a href=\"http://terminology.hl7.org/5.0.0/CodeSystem-allergyintolerance-clinical.html\">AllergyIntolerance Clinical Status Codes</a>#active)</span></p><p><b>verificationStatus</b>: Unconfirmed <span style=\"background: LightGoldenRodYellow; margin: 4px; border: 1px solid khaki\"> (<a href=\"http://terminology.hl7.org/5.0.0/CodeSystem-allergyintolerance-verification.html\">AllergyIntolerance Verification Status</a>#unconfirmed)</span></p><p><b>category</b>: medication</p><p><b>code</b>: trimethoprim + sulfamethoxazole <span style=\"background: LightGoldenRodYellow; margin: 4px; border: 1px solid khaki\"> (<a href=\"https://browser.ihtsdotools.org/\">SNOMED CT</a>#21461011000036103)</span></p><p><b>patient</b>: <a href=\"Patient-naps-patient-1.html\">Patient/naps-patient-1</a></p><h3>Reactions</h3><table class=\"grid\"><tr><td>-</td><td><b>Substance</b></td><td><b>Manifestation</b></td></tr><tr><td>*</td><td>trimethoprim + sulfamethoxazole <span style=\"background: LightGoldenRodYellow; margin: 4px; border: 1px solid khaki\"> (<a href=\"https://browser.ihtsdotools.org/\">SNOMED CT</a>#21461011000036103)</span></td><td>Rash <span style=\"background: LightGoldenRodYellow; margin: 4px; border: 1px solid khaki\"> ()</span></td></tr></table></div>"
  },
  "clinicalStatus" : {
    "coding" : [{
      "system" : "http://terminology.hl7.org/CodeSystem/allergyintolerance-clinical",
      "code" : "active",
      "display" : "Active"
    }]
  },
  "verificationStatus" : {
    "coding" : [{
      "system" : "http://terminology.hl7.org/CodeSystem/allergyintolerance-verification",
      "code" : "unconfirmed",
      "display" : "Unconfirmed"
    }]
  },
  "category" : ["medication"],
  "code" : {
    "coding" : [{
      "system" : "http://snomed.info/sct",
      "code" : "21461011000036103",
      "display" : "trimethoprim + sulfamethoxazole"
    }]
  },
  "patient" : {
    "reference" : "Patient/naps-patient-1"
  },
  "reaction" : [{
    "substance" : {
      "coding" : [{
        "system" : "http://snomed.info/sct",
        "code" : "21461011000036103",
        "display" : "trimethoprim + sulfamethoxazole"
      }]
    },
    "manifestation" : [{
      "text" : "Rash"
    }]
  }]
}