{
  "resourceType" : "Bundle",
  "id" : "naps-1",
  "type" : "collection",
  "timestamp" : "2023-03-28T11:01:00+10:00",
  "entry" : [{
    "fullUrl" : "urn:uuid:3fe721b9-2258-4707-a9cf-c13dd7d03747",
    "resource" : {
      "resourceType" : "Patient",
      "meta" : {
        "profile" : ["https://www.naps.org.au/fhir/gp/StructureDefinition/gp-naps-patient"]
      },
      "text" : {
        "status" : "extensions",
        "div" : "<div xmlns=\"http://www.w3.org/1999/xhtml\"><p><b>Generated Narrative: Patient</b></p><div style=\"display: inline-block; background-color: #d9e0e7; padding: 6px; margin: 4px; border: 1px solid #8da1b4; border-radius: 5px; line-height: 60%\"><p style=\"margin-bottom: 0px\">Profile: <a href=\"StructureDefinition-gp-naps-patient.html\">GP NAPS Patient</a></p></div><p><b>Australian Indigenous Status</b>: Neither Aboriginal nor Torres Strait Islander origin (Details: https://healthterminologies.gov.au/fhir/CodeSystem/australian-indigenous-status-1 code 4 = '4', stated as 'Neither Aboriginal nor Torres Strait Islander origin')</p><p><b>gender</b>: male</p></div>"
      },
      "extension" : [{
        "url" : "http://hl7.org.au/fhir/StructureDefinition/indigenous-status",
        "valueCoding" : {
          "system" : "https://healthterminologies.gov.au/fhir/CodeSystem/australian-indigenous-status-1",
          "code" : "4",
          "display" : "Neither Aboriginal nor Torres Strait Islander origin"
        }
      }],
      "gender" : "male"
    }
  },
  {
    "fullUrl" : "urn:uuid:fc3a8c62-1b01-4971-8e46-5c5fdd1c6082",
    "resource" : {
      "resourceType" : "Organization",
      "meta" : {
        "profile" : ["https://www.naps.org.au/fhir/gp/StructureDefinition/gp-naps-organization"]
      },
      "text" : {
        "status" : "generated",
        "div" : "<div xmlns=\"http://www.w3.org/1999/xhtml\"><p><b>Generated Narrative: Organization</b></p><div style=\"display: inline-block; background-color: #d9e0e7; padding: 6px; margin: 4px; border: 1px solid #8da1b4; border-radius: 5px; line-height: 60%\"><p style=\"margin-bottom: 0px\">Profile: <a href=\"StructureDefinition-gp-naps-organization.html\">GP NAPS Organization</a></p></div><p><b>identifier</b>: id:\u00a03235209</p><p><b>type</b>: GP practice <span style=\"background: LightGoldenRodYellow; margin: 4px; border: 1px solid khaki\"> (<a href=\"https://browser.ihtsdotools.org/\">SNOMED CT</a>#394761003)</span></p><p><b>address</b>: QLD 4655 </p></div>"
      },
      "identifier" : [{
        "system" : "https://www.naps.org.au/id/practice",
        "value" : "3235209"
      }],
      "type" : [{
        "coding" : [{
          "system" : "http://snomed.info/sct",
          "code" : "394761003"
        }],
        "text" : "GP practice"
      }],
      "address" : [{
        "state" : "QLD",
        "postalCode" : "4655"
      }]
    }
  },
  {
    "fullUrl" : "urn:uuid:949133cb-de9a-44a7-b3d3-bd0e9d9d2faf",
    "resource" : {
      "resourceType" : "Encounter",
      "meta" : {
        "profile" : ["https://www.naps.org.au/fhir/gp/StructureDefinition/gp-naps-encounter"]
      },
      "text" : {
        "status" : "generated",
        "div" : "<div xmlns=\"http://www.w3.org/1999/xhtml\"><p><b>Generated Narrative: Encounter</b></p><div style=\"display: inline-block; background-color: #d9e0e7; padding: 6px; margin: 4px; border: 1px solid #8da1b4; border-radius: 5px; line-height: 60%\"><p style=\"margin-bottom: 0px\">Profile: <a href=\"StructureDefinition-gp-naps-encounter.html\">GP NAPS Encounter</a></p></div><p><b>status</b>: finished</p><p><b>class</b>: ambulatory (Details: http://terminology.hl7.org/CodeSystem/v3-ActCode code AMB = 'ambulatory', stated as 'ambulatory')</p><p><b>subject</b>: <a href=\"#urnuuid3fe721b9-2258-4707-a9cf-c13dd7d03747\">See above (urn:uuid:3fe721b9-2258-4707-a9cf-c13dd7d03747)</a></p><h3>Participants</h3><table class=\"grid\"><tr><td>-</td><td><b>Type</b></td><td><b>Individual</b></td></tr><tr><td>*</td><td>primary performer <span style=\"background: LightGoldenRodYellow; margin: 4px; border: 1px solid khaki\"> (<a href=\"http://terminology.hl7.org/5.0.0/CodeSystem-v3-ParticipationType.html\">ParticipationType</a>#PPRF)</span></td><td><a href=\"#urnuuid6455b6e5-e7bc-4f04-be8d-899bc3d2fe22\">See above (urn:uuid:6455b6e5-e7bc-4f04-be8d-899bc3d2fe22)</a></td></tr></table><p><b>period</b>: ?? --&gt; 2022-02-10 16:00:00+1000</p><p><b>serviceProvider</b>: <a href=\"#urnuuidfc3a8c62-1b01-4971-8e46-5c5fdd1c6082\">See above (urn:uuid:fc3a8c62-1b01-4971-8e46-5c5fdd1c6082)</a></p></div>"
      },
      "status" : "finished",
      "class" : {
        "system" : "http://terminology.hl7.org/CodeSystem/v3-ActCode",
        "code" : "AMB",
        "display" : "ambulatory"
      },
      "subject" : {
        "reference" : "urn:uuid:3fe721b9-2258-4707-a9cf-c13dd7d03747"
      },
      "participant" : [{
        "type" : [{
          "coding" : [{
            "system" : "http://terminology.hl7.org/CodeSystem/v3-ParticipationType",
            "code" : "PPRF",
            "display" : "primary performer"
          }]
        }],
        "individual" : {
          "reference" : "urn:uuid:6455b6e5-e7bc-4f04-be8d-899bc3d2fe22"
        }
      }],
      "period" : {
        "end" : "2022-02-10T16:00:00+10:00"
      },
      "serviceProvider" : {
        "reference" : "urn:uuid:fc3a8c62-1b01-4971-8e46-5c5fdd1c6082"
      }
    }
  },
  {
    "fullUrl" : "urn:uuid:6455b6e5-e7bc-4f04-be8d-899bc3d2fe22",
    "resource" : {
      "resourceType" : "PractitionerRole",
      "meta" : {
        "profile" : ["https://www.naps.org.au/fhir/gp/StructureDefinition/gp-naps-practitionerrole"]
      },
      "text" : {
        "status" : "generated",
        "div" : "<div xmlns=\"http://www.w3.org/1999/xhtml\"><p><b>Generated Narrative: PractitionerRole</b></p><div style=\"display: inline-block; background-color: #d9e0e7; padding: 6px; margin: 4px; border: 1px solid #8da1b4; border-radius: 5px; line-height: 60%\"><p style=\"margin-bottom: 0px\">Profile: <a href=\"StructureDefinition-gp-naps-practitionerrole.html\">GP NAPS PractitionerRole</a></p></div><p><b>practitioner</b>: <span/></p><p><b>organization</b>: <a href=\"#urnuuidfc3a8c62-1b01-4971-8e46-5c5fdd1c6082\">See above (urn:uuid:fc3a8c62-1b01-4971-8e46-5c5fdd1c6082)</a></p><p><b>code</b>: General Practitioner <span style=\"background: LightGoldenRodYellow; margin: 4px; border: 1px solid khaki\"> ()</span></p></div>"
      },
      "practitioner" : {
        "identifier" : {
          "system" : "https://www.naps.org.au/id/practice-scoped/14124/prescriber/",
          "value" : "3235209"
        }
      },
      "organization" : {
        "reference" : "urn:uuid:fc3a8c62-1b01-4971-8e46-5c5fdd1c6082"
      },
      "code" : [{
        "text" : "General Practitioner"
      }]
    }
  },
  {
    "fullUrl" : "urn:uuid:3694f804-44b4-408e-8fd6-e18ff38e2506",
    "resource" : {
      "resourceType" : "Observation",
      "meta" : {
        "profile" : ["https://www.naps.org.au/fhir/gp/StructureDefinition/gp-naps-bodyweight"]
      },
      "text" : {
        "status" : "generated",
        "div" : "<div xmlns=\"http://www.w3.org/1999/xhtml\"><p><b>Generated Narrative: Observation</b></p><div style=\"display: inline-block; background-color: #d9e0e7; padding: 6px; margin: 4px; border: 1px solid #8da1b4; border-radius: 5px; line-height: 60%\"><p style=\"margin-bottom: 0px\">Profile: <a href=\"StructureDefinition-gp-naps-bodyweight.html\">GP NAPS Body Weight</a></p></div><p><b>status</b>: final</p><p><b>category</b>: Vital Signs <span style=\"background: LightGoldenRodYellow; margin: 4px; border: 1px solid khaki\"> (<a href=\"http://terminology.hl7.org/5.0.0/CodeSystem-observation-category.html\">Observation Category Codes</a>#vital-signs)</span></p><p><b>code</b>: weight <span style=\"background: LightGoldenRodYellow; margin: 4px; border: 1px solid khaki\"> (<a href=\"https://loinc.org/\">LOINC</a>#29463-7 &quot;Body weight&quot;; <a href=\"https://browser.ihtsdotools.org/\">SNOMED CT</a>#27113001)</span></p><p><b>subject</b>: <a href=\"#urnuuid3fe721b9-2258-4707-a9cf-c13dd7d03747\">See above (urn:uuid:3fe721b9-2258-4707-a9cf-c13dd7d03747)</a></p><p><b>effective</b>: 2016-07-02</p><p><b>value</b>: 75 kg<span style=\"background: LightGoldenRodYellow\"> (Details: UCUM code kg = 'kg')</span></p></div>"
      },
      "status" : "final",
      "category" : [{
        "coding" : [{
          "system" : "http://terminology.hl7.org/CodeSystem/observation-category",
          "code" : "vital-signs",
          "display" : "Vital Signs"
        }],
        "text" : "Vital Signs"
      }],
      "code" : {
        "coding" : [{
          "system" : "http://loinc.org",
          "code" : "29463-7",
          "display" : "Body weight"
        },
        {
          "system" : "http://snomed.info/sct",
          "code" : "27113001"
        }],
        "text" : "weight"
      },
      "subject" : {
        "reference" : "urn:uuid:3fe721b9-2258-4707-a9cf-c13dd7d03747"
      },
      "effectiveDateTime" : "2016-07-02",
      "valueQuantity" : {
        "value" : 75,
        "unit" : "kg",
        "system" : "http://unitsofmeasure.org",
        "code" : "kg"
      }
    }
  },
  {
    "fullUrl" : "urn:uuid:02a6a3de-a088-4845-9055-39dac68dfb6f",
    "resource" : {
      "resourceType" : "AllergyIntolerance",
      "meta" : {
        "profile" : ["https://www.naps.org.au/fhir/gp/StructureDefinition/gp-naps-allergyintolerance"]
      },
      "text" : {
        "status" : "generated",
        "div" : "<div xmlns=\"http://www.w3.org/1999/xhtml\"><p><b>Generated Narrative: AllergyIntolerance</b></p><div style=\"display: inline-block; background-color: #d9e0e7; padding: 6px; margin: 4px; border: 1px solid #8da1b4; border-radius: 5px; line-height: 60%\"><p style=\"margin-bottom: 0px\">Profile: <a href=\"StructureDefinition-gp-naps-allergyintolerance.html\">GP NAPS AllergyIntolerance</a></p></div><p><b>clinicalStatus</b>: Active <span style=\"background: LightGoldenRodYellow; margin: 4px; border: 1px solid khaki\"> (<a href=\"http://terminology.hl7.org/5.0.0/CodeSystem-allergyintolerance-clinical.html\">AllergyIntolerance Clinical Status Codes</a>#active)</span></p><p><b>verificationStatus</b>: Unconfirmed <span style=\"background: LightGoldenRodYellow; margin: 4px; border: 1px solid khaki\"> (<a href=\"http://terminology.hl7.org/5.0.0/CodeSystem-allergyintolerance-verification.html\">AllergyIntolerance Verification Status</a>#unconfirmed)</span></p><p><b>code</b>: trimethoprim + sulfamethoxazole <span style=\"background: LightGoldenRodYellow; margin: 4px; border: 1px solid khaki\"> (<a href=\"https://browser.ihtsdotools.org/\">SNOMED CT</a>#21461011000036103)</span></p><p><b>patient</b>: <a href=\"#urnuuid3fe721b9-2258-4707-a9cf-c13dd7d03747\">See above (urn:uuid:3fe721b9-2258-4707-a9cf-c13dd7d03747)</a></p><h3>Reactions</h3><table class=\"grid\"><tr><td>-</td><td><b>Substance</b></td><td><b>Manifestation</b></td></tr><tr><td>*</td><td>trimethoprim + sulfamethoxazole <span style=\"background: LightGoldenRodYellow; margin: 4px; border: 1px solid khaki\"> (<a href=\"https://browser.ihtsdotools.org/\">SNOMED CT</a>#21461011000036103)</span></td><td>Rash <span style=\"background: LightGoldenRodYellow; margin: 4px; border: 1px solid khaki\"> ()</span></td></tr></table></div>"
      },
      "clinicalStatus" : {
        "coding" : [{
          "system" : "http://terminology.hl7.org/CodeSystem/allergyintolerance-clinical",
          "code" : "active",
          "display" : "Active"
        }]
      },
      "verificationStatus" : {
        "coding" : [{
          "system" : "http://terminology.hl7.org/CodeSystem/allergyintolerance-verification",
          "code" : "unconfirmed",
          "display" : "Unconfirmed"
        }]
      },
      "code" : {
        "coding" : [{
          "system" : "http://snomed.info/sct",
          "code" : "21461011000036103",
          "display" : "trimethoprim + sulfamethoxazole"
        }]
      },
      "patient" : {
        "reference" : "urn:uuid:3fe721b9-2258-4707-a9cf-c13dd7d03747"
      },
      "reaction" : [{
        "substance" : {
          "coding" : [{
            "system" : "http://snomed.info/sct",
            "code" : "21461011000036103",
            "display" : "trimethoprim + sulfamethoxazole"
          }]
        },
        "manifestation" : [{
          "text" : "Rash"
        }]
      }]
    }
  },
  {
    "fullUrl" : "urn:uuid:cf5c5aee-f4c7-4660-bc5f-b515c41f6168",
    "resource" : {
      "resourceType" : "Observation",
      "meta" : {
        "profile" : ["https://www.naps.org.au/fhir/gp/StructureDefinition/gp-naps-smokingstatus"]
      },
      "text" : {
        "status" : "generated",
        "div" : "<div xmlns=\"http://www.w3.org/1999/xhtml\"><p><b>Generated Narrative: Observation</b></p><div style=\"display: inline-block; background-color: #d9e0e7; padding: 6px; margin: 4px; border: 1px solid #8da1b4; border-radius: 5px; line-height: 60%\"><p style=\"margin-bottom: 0px\">Profile: <a href=\"StructureDefinition-gp-naps-smokingstatus.html\">GP NAPS Smoking Status</a></p></div><p><b>status</b>: final</p><p><b>category</b>: Social History <span style=\"background: LightGoldenRodYellow; margin: 4px; border: 1px solid khaki\"> (<a href=\"http://terminology.hl7.org/5.0.0/CodeSystem-observation-category.html\">Observation Category Codes</a>#social-history)</span></p><p><b>code</b>: Smoking status <span style=\"background: LightGoldenRodYellow; margin: 4px; border: 1px solid khaki\"> (<a href=\"https://browser.ihtsdotools.org/\">SNOMED CT</a>#266918002)</span></p><p><b>subject</b>: <a href=\"#urnuuid3fe721b9-2258-4707-a9cf-c13dd7d03747\">See above (urn:uuid:3fe721b9-2258-4707-a9cf-c13dd7d03747)</a></p><p><b>effective</b>: 2016-07-02</p><p><b>value</b>: Ex-smoker <span style=\"background: LightGoldenRodYellow; margin: 4px; border: 1px solid khaki\"> (<a href=\"https://browser.ihtsdotools.org/\">SNOMED CT</a>#8517006)</span></p></div>"
      },
      "status" : "final",
      "category" : [{
        "coding" : [{
          "system" : "http://terminology.hl7.org/CodeSystem/observation-category",
          "code" : "social-history",
          "display" : "Social History"
        }],
        "text" : "Social History"
      }],
      "code" : {
        "coding" : [{
          "system" : "http://snomed.info/sct",
          "code" : "266918002"
        }],
        "text" : "Smoking status"
      },
      "subject" : {
        "reference" : "urn:uuid:3fe721b9-2258-4707-a9cf-c13dd7d03747"
      },
      "effectiveDateTime" : "2016-07-02",
      "valueCodeableConcept" : {
        "coding" : [{
          "system" : "http://snomed.info/sct",
          "code" : "8517006",
          "display" : "Ex-smoker"
        }]
      }
    }
  },
  {
    "fullUrl" : "urn:uuid:40147379-8a48-4d48-8ca9-620f17cb7802",
    "resource" : {
      "resourceType" : "Observation",
      "meta" : {
        "profile" : ["https://www.naps.org.au/fhir/gp/StructureDefinition/gp-naps-age"]
      },
      "text" : {
        "status" : "generated",
        "div" : "<div xmlns=\"http://www.w3.org/1999/xhtml\"><p><b>Generated Narrative: Observation</b></p><div style=\"display: inline-block; background-color: #d9e0e7; padding: 6px; margin: 4px; border: 1px solid #8da1b4; border-radius: 5px; line-height: 60%\"><p style=\"margin-bottom: 0px\">Profile: <a href=\"StructureDefinition-gp-naps-age.html\">GP NAPS Age</a></p></div><p><b>status</b>: final</p><p><b>code</b>: Age <span style=\"background: LightGoldenRodYellow; margin: 4px; border: 1px solid khaki\"> (<a href=\"https://browser.ihtsdotools.org/\">SNOMED CT</a>#424144002)</span></p><p><b>subject</b>: <a href=\"#urnuuid3fe721b9-2258-4707-a9cf-c13dd7d03747\">See above (urn:uuid:3fe721b9-2258-4707-a9cf-c13dd7d03747)</a></p><p><b>effective</b>: 2022-02-10</p><p><b>value</b>: 49 year<span style=\"background: LightGoldenRodYellow\"> (Details: UCUM code a = 'a')</span></p></div>"
      },
      "status" : "final",
      "code" : {
        "coding" : [{
          "system" : "http://snomed.info/sct",
          "code" : "424144002"
        }],
        "text" : "Age"
      },
      "subject" : {
        "reference" : "urn:uuid:3fe721b9-2258-4707-a9cf-c13dd7d03747"
      },
      "effectiveDateTime" : "2022-02-10",
      "valueQuantity" : {
        "value" : 49,
        "unit" : "year",
        "system" : "http://unitsofmeasure.org",
        "code" : "a"
      }
    }
  },
  {
    "fullUrl" : "urn:uuid:8c138f68-b23d-4673-9fcb-4b030082b768",
    "resource" : {
      "resourceType" : "Observation",
      "meta" : {
        "profile" : ["http://hl7.org.au/fhir/StructureDefinition/au-pathologyresult"]
      },
      "text" : {
        "status" : "generated",
        "div" : "<div xmlns=\"http://www.w3.org/1999/xhtml\"><p><b>Generated Narrative: Observation</b></p><div style=\"display: inline-block; background-color: #d9e0e7; padding: 6px; margin: 4px; border: 1px solid #8da1b4; border-radius: 5px; line-height: 60%\"><p style=\"margin-bottom: 0px\">Profile: <a href=\"https://build.fhir.org/ig/hl7au/au-fhir-base//StructureDefinition-au-pathologyresult.html\">AU Base Pathology Result</a></p></div><p><b>status</b>: final</p><p><b>category</b>: Laboratory <span style=\"background: LightGoldenRodYellow; margin: 4px; border: 1px solid khaki\"> (<a href=\"http://terminology.hl7.org/5.0.0/CodeSystem-observation-category.html\">Observation Category Codes</a>#laboratory)</span></p><p><b>code</b>: Glomerular filtration rate/1.73 sq M.predicted [Volume Rate/Area] in Serum, Plasma or Blood by Creatinine-based formula (CKD-EPI 2021) <span style=\"background: LightGoldenRodYellow; margin: 4px; border: 1px solid khaki\"> (<a href=\"https://loinc.org/\">LOINC</a>#98979-8)</span></p><p><b>subject</b>: <a href=\"#urnuuid3fe721b9-2258-4707-a9cf-c13dd7d03747\">See above (urn:uuid:3fe721b9-2258-4707-a9cf-c13dd7d03747)</a></p><p><b>effective</b>: 2020-10-02</p><p><b>value</b>: &gt;60 mL/min/1.73m2<span style=\"background: LightGoldenRodYellow\"> (Details: UCUM code mL/min/{1.73_m2} = 'mL/min/{1.73_m2}')</span></p></div>"
      },
      "status" : "final",
      "category" : [{
        "coding" : [{
          "system" : "http://terminology.hl7.org/CodeSystem/observation-category",
          "code" : "laboratory",
          "display" : "Laboratory"
        }]
      }],
      "code" : {
        "coding" : [{
          "system" : "http://loinc.org",
          "code" : "98979-8"
        }]
      },
      "subject" : {
        "reference" : "urn:uuid:3fe721b9-2258-4707-a9cf-c13dd7d03747"
      },
      "effectiveDateTime" : "2020-10-02",
      "valueQuantity" : {
        "value" : 60,
        "comparator" : ">",
        "unit" : "mL/min/1.73m2",
        "system" : "http://unitsofmeasure.org",
        "code" : "mL/min/{1.73_m2}"
      }
    }
  },
  {
    "fullUrl" : "urn:uuid:ed11dc8b-f65c-46e8-85fe-9e95cf5bf065",
    "resource" : {
      "resourceType" : "Observation",
      "meta" : {
        "profile" : ["http://hl7.org.au/fhir/StructureDefinition/au-pathologyresult"]
      },
      "text" : {
        "status" : "generated",
        "div" : "<div xmlns=\"http://www.w3.org/1999/xhtml\"><p><b>Generated Narrative: Observation</b></p><div style=\"display: inline-block; background-color: #d9e0e7; padding: 6px; margin: 4px; border: 1px solid #8da1b4; border-radius: 5px; line-height: 60%\"><p style=\"margin-bottom: 0px\">Profile: <a href=\"https://build.fhir.org/ig/hl7au/au-fhir-base//StructureDefinition-au-pathologyresult.html\">AU Base Pathology Result</a></p></div><p><b>status</b>: final</p><p><b>category</b>: Laboratory <span style=\"background: LightGoldenRodYellow; margin: 4px; border: 1px solid khaki\"> (<a href=\"http://terminology.hl7.org/5.0.0/CodeSystem-observation-category.html\">Observation Category Codes</a>#laboratory)</span></p><p><b>code</b>: Creatinine renal clearance in 24 hour Urine and Serum or Plasma <span style=\"background: LightGoldenRodYellow; margin: 4px; border: 1px solid khaki\"> (<a href=\"https://loinc.org/\">LOINC</a>#2164-2; <a href=\"https://browser.ihtsdotools.org/\">SNOMED CT</a>#102811001 &quot;Creatinine renal clearance&quot;)</span></p><p><b>subject</b>: <a href=\"#urnuuid3fe721b9-2258-4707-a9cf-c13dd7d03747\">See above (urn:uuid:3fe721b9-2258-4707-a9cf-c13dd7d03747)</a></p><p><b>effective</b>: 2020-10-02</p><p><b>value</b>: 128 mL/min<span style=\"background: LightGoldenRodYellow\"> (Details: UCUM code mL/min = 'mL/min')</span></p></div>"
      },
      "status" : "final",
      "category" : [{
        "coding" : [{
          "system" : "http://terminology.hl7.org/CodeSystem/observation-category",
          "code" : "laboratory",
          "display" : "Laboratory"
        }]
      }],
      "code" : {
        "coding" : [{
          "system" : "http://loinc.org",
          "code" : "2164-2",
          "display" : "Creatinine renal clearance in 24 hour Urine and Serum or Plasma"
        },
        {
          "system" : "http://snomed.info/sct",
          "code" : "102811001",
          "display" : "Creatinine renal clearance"
        }]
      },
      "subject" : {
        "reference" : "urn:uuid:3fe721b9-2258-4707-a9cf-c13dd7d03747"
      },
      "effectiveDateTime" : "2020-10-02",
      "valueQuantity" : {
        "value" : 128,
        "unit" : "mL/min",
        "system" : "http://unitsofmeasure.org",
        "code" : "mL/min"
      }
    }
  },
  {
    "fullUrl" : "urn:uuid:ec0fd1d9-1a96-44a9-ae2e-e6df954108a8",
    "resource" : {
      "resourceType" : "MedicationRequest",
      "meta" : {
        "profile" : ["https://www.naps.org.au/fhir/gp/StructureDefinition/gp-naps-medicationrequest"]
      },
      "text" : {
        "status" : "extensions",
        "div" : "<div xmlns=\"http://www.w3.org/1999/xhtml\"><p><b>Generated Narrative: MedicationRequest</b></p><div style=\"display: inline-block; background-color: #d9e0e7; padding: 6px; margin: 4px; border: 1px solid #8da1b4; border-radius: 5px; line-height: 60%\"><p style=\"margin-bottom: 0px\">Profile: <a href=\"StructureDefinition-gp-naps-medicationrequest.html\">GP NAPS MedicationRequest</a></p></div><p><b>Prescription Authority Type</b>: Pharmaceutical Benefits Scheme (Details: https://www.naps.org.au/fhir/gp/CodeSystem/naps-script-authority-type code pbs = 'Pharmaceutical Benefits Scheme', stated as 'Pharmaceutical Benefits Scheme')</p><p><b>status</b>: unknown</p><p><b>intent</b>: order</p><p><b>medication</b>: Rulide 150 mg tablet <span style=\"background: LightGoldenRodYellow; margin: 4px; border: 1px solid khaki\"> (<a href=\"https://browser.ihtsdotools.org/\">SNOMED CT</a>#5368011000036100)</span></p><p><b>subject</b>: <a href=\"#urnuuid3fe721b9-2258-4707-a9cf-c13dd7d03747\">See above (urn:uuid:3fe721b9-2258-4707-a9cf-c13dd7d03747)</a></p><p><b>encounter</b>: <a href=\"#urnuuid949133cb-de9a-44a7-b3d3-bd0e9d9d2faf\">See above (urn:uuid:949133cb-de9a-44a7-b3d3-bd0e9d9d2faf)</a></p><p><b>supportingInformation</b>: <a href=\"#urnuuid40147379-8a48-4d48-8ca9-620f17cb7802\">See above (urn:uuid:40147379-8a48-4d48-8ca9-620f17cb7802)</a></p><p><b>authoredOn</b>: 2022-02-10</p><p><b>requester</b>: <a href=\"#urnuuid6455b6e5-e7bc-4f04-be8d-899bc3d2fe22\">See above (urn:uuid:6455b6e5-e7bc-4f04-be8d-899bc3d2fe22)</a></p><p><b>reasonCode</b>: Acute rhinosinusitis <span style=\"background: LightGoldenRodYellow; margin: 4px; border: 1px solid khaki\"> (<a href=\"https://browser.ihtsdotools.org/\">SNOMED CT</a>#431231008)</span></p><blockquote><p><b>dosageInstruction</b></p><p><b>text</b>: 1 tab Twice a day before meals</p><p><b>timing</b>: Code: Twice a day before meals</p><p><b>route</b>: Oral route <span style=\"background: LightGoldenRodYellow; margin: 4px; border: 1px solid khaki\"> (<a href=\"https://browser.ihtsdotools.org/\">SNOMED CT</a>#26643006)</span></p><blockquote><p><b>doseAndRate</b></p></blockquote></blockquote><h3>DispenseRequests</h3><table class=\"grid\"><tr><td>-</td><td><b>ValidityPeriod</b></td><td><b>NumberOfRepeatsAllowed</b></td><td><b>Quantity</b></td></tr><tr><td>*</td><td>2022-02-10 --&gt; (ongoing)</td><td>1</td><td>10 Tab</td></tr></table></div>"
      },
      "extension" : [{
        "url" : "https://www.naps.org.au/fhir/gp/StructureDefinition/gp-naps-script-authority-type",
        "valueCoding" : {
          "system" : "https://www.naps.org.au/fhir/gp/CodeSystem/naps-script-authority-type",
          "code" : "pbs",
          "display" : "Pharmaceutical Benefits Scheme"
        }
      }],
      "status" : "unknown",
      "intent" : "order",
      "medicationCodeableConcept" : {
        "coding" : [{
          "system" : "http://snomed.info/sct",
          "code" : "5368011000036100",
          "display" : "Rulide 150 mg tablet"
        }],
        "text" : "Rulide 150 mg tablet"
      },
      "subject" : {
        "reference" : "urn:uuid:3fe721b9-2258-4707-a9cf-c13dd7d03747"
      },
      "encounter" : {
        "reference" : "urn:uuid:949133cb-de9a-44a7-b3d3-bd0e9d9d2faf"
      },
      "supportingInformation" : [{
        "reference" : "urn:uuid:40147379-8a48-4d48-8ca9-620f17cb7802"
      }],
      "authoredOn" : "2022-02-10",
      "requester" : {
        "reference" : "urn:uuid:6455b6e5-e7bc-4f04-be8d-899bc3d2fe22"
      },
      "reasonCode" : [{
        "coding" : [{
          "system" : "http://snomed.info/sct",
          "code" : "431231008",
          "display" : "Acute rhinosinusitis"
        }],
        "text" : "Acute rhinosinusitis"
      }],
      "dosageInstruction" : [{
        "text" : "1 tab Twice a day before meals",
        "timing" : {
          "code" : {
            "text" : "Twice a day before meals"
          }
        },
        "route" : {
          "coding" : [{
            "system" : "http://snomed.info/sct",
            "code" : "26643006",
            "display" : "Oral route"
          }]
        },
        "doseAndRate" : [{
          "doseQuantity" : {
            "value" : 1,
            "unit" : "TAB",
            "system" : "http://terminology.hl7.org/CodeSystem/v3-orderableDrugForm",
            "code" : "TAB"
          }
        }]
      }],
      "dispenseRequest" : {
        "validityPeriod" : {
          "start" : "2022-02-10"
        },
        "numberOfRepeatsAllowed" : 1,
        "quantity" : {
          "value" : 10,
          "unit" : "Tab"
        }
      }
    }
  },
  {
    "fullUrl" : "urn:uuid:da0fe578-21d7-4f97-9f3e-de193d6da997",
    "resource" : {
      "resourceType" : "MedicationStatement",
      "meta" : {
        "profile" : ["https://www.naps.org.au/fhir/gp/StructureDefinition/gp-naps-medicationstatement"]
      },
      "text" : {
        "status" : "extensions",
        "div" : "<div xmlns=\"http://www.w3.org/1999/xhtml\"><p><b>Generated Narrative: MedicationStatement</b></p><div style=\"display: inline-block; background-color: #d9e0e7; padding: 6px; margin: 4px; border: 1px solid #8da1b4; border-radius: 5px; line-height: 60%\"><p style=\"margin-bottom: 0px\">Profile: <a href=\"StructureDefinition-gp-naps-medicationstatement.html\">GP NAPS MedicationStatement</a></p></div><p><b>Long Term</b>: false</p><p><b>status</b>: intended</p><p><b>medication</b>: Rulide 150 mg tablet <span style=\"background: LightGoldenRodYellow; margin: 4px; border: 1px solid khaki\"> (<a href=\"https://browser.ihtsdotools.org/\">SNOMED CT</a>#5368011000036100)</span></p><p><b>subject</b>: <a href=\"#urnuuid3fe721b9-2258-4707-a9cf-c13dd7d03747\">See above (urn:uuid:3fe721b9-2258-4707-a9cf-c13dd7d03747)</a></p><p><b>dateAsserted</b>: 2022-02-10</p><p><b>derivedFrom</b>: <a href=\"#urnuuidec0fd1d9-1a96-44a9-ae2e-e6df954108a8\">See above (urn:uuid:ec0fd1d9-1a96-44a9-ae2e-e6df954108a8)</a></p><p><b>reasonCode</b>: Acute rhinosinusitis <span style=\"background: LightGoldenRodYellow; margin: 4px; border: 1px solid khaki\"> (<a href=\"https://browser.ihtsdotools.org/\">SNOMED CT</a>#431231008)</span></p><blockquote><p><b>dosage</b></p><p><b>text</b>: 1 tab Twice a day before meals</p><p><b>route</b>: Oral route <span style=\"background: LightGoldenRodYellow; margin: 4px; border: 1px solid khaki\"> (<a href=\"https://browser.ihtsdotools.org/\">SNOMED CT</a>#26643006)</span></p><blockquote><p><b>doseAndRate</b></p></blockquote></blockquote></div>"
      },
      "extension" : [{
        "url" : "http://hl7.org.au/fhir/StructureDefinition/medication-long-term",
        "valueBoolean" : false
      }],
      "status" : "intended",
      "medicationCodeableConcept" : {
        "coding" : [{
          "system" : "http://snomed.info/sct",
          "code" : "5368011000036100",
          "display" : "Rulide 150 mg tablet"
        }],
        "text" : "Rulide 150 mg tablet"
      },
      "subject" : {
        "reference" : "urn:uuid:3fe721b9-2258-4707-a9cf-c13dd7d03747"
      },
      "dateAsserted" : "2022-02-10",
      "derivedFrom" : [{
        "reference" : "urn:uuid:ec0fd1d9-1a96-44a9-ae2e-e6df954108a8"
      }],
      "reasonCode" : [{
        "coding" : [{
          "system" : "http://snomed.info/sct",
          "code" : "431231008",
          "display" : "Acute rhinosinusitis"
        }],
        "text" : "Acute rhinosinusitis"
      }],
      "dosage" : [{
        "text" : "1 tab Twice a day before meals",
        "route" : {
          "coding" : [{
            "system" : "http://snomed.info/sct",
            "code" : "26643006",
            "display" : "Oral route"
          }]
        },
        "doseAndRate" : [{
          "doseQuantity" : {
            "value" : 1,
            "unit" : "TAB",
            "system" : "http://terminology.hl7.org/CodeSystem/v3-orderableDrugForm",
            "code" : "TAB"
          }
        }]
      }]
    }
  }]
}