<?xml version="1.0" encoding="UTF-8"?>

<Bundle xmlns="http://hl7.org/fhir">
  <!-- 
    SYSTEM INTERACTION REQUIREMENTS
    Is every upload considered a unique patient entry? 
    If so no need for client-side or server-side resolution of Patient record only a unique bundle entry id to link content for an upload commit
 -->
  <id value="naps-1"/>
  <type value="collection"/>
  <timestamp value="2023-03-28T11:01:00+10:00"/>
  <entry>
    <fullUrl value="urn:uuid:3fe721b9-2258-4707-a9cf-c13dd7d03747"/>
    <resource>
      <Patient>
        <meta>
          <profile value="https://www.naps.org.au/fhir/gp/StructureDefinition/gp-naps-patient"/>
        </meta>
        <text>
          <status value="extensions"/><div xmlns="http://www.w3.org/1999/xhtml"><p><b>Generated Narrative: Patient</b></p><div style="display: inline-block; background-color: #d9e0e7; padding: 6px; margin: 4px; border: 1px solid #8da1b4; border-radius: 5px; line-height: 60%"><p style="margin-bottom: 0px">Profile: <a href="StructureDefinition-gp-naps-patient.html">GP NAPS Patient</a></p></div><p><b>Australian Indigenous Status</b>: Neither Aboriginal nor Torres Strait Islander origin (Details: https://healthterminologies.gov.au/fhir/CodeSystem/australian-indigenous-status-1 code 4 = '4', stated as 'Neither Aboriginal nor Torres Strait Islander origin')</p><p><b>gender</b>: male</p></div>
        </text>
        <!--  Patient_Ethnicity  -->
        <extension url="http://hl7.org.au/fhir/StructureDefinition/indigenous-status">
          <valueCoding>
            <system value="https://healthterminologies.gov.au/fhir/CodeSystem/australian-indigenous-status-1"/>
            <code value="4"/>
            <display value="Neither Aboriginal nor Torres Strait Islander origin"/>
          </valueCoding>
        </extension>
        <!--  Gender  -->
        <gender value="male"/>
      </Patient>
    </resource>
  </entry>
  <entry>
    <fullUrl value="urn:uuid:fc3a8c62-1b01-4971-8e46-5c5fdd1c6082"/>
    <resource>
      <Organization>
        <meta>
          <profile value="https://www.naps.org.au/fhir/gp/StructureDefinition/gp-naps-organization"/>
        </meta>
        <text>
          <status value="generated"/><div xmlns="http://www.w3.org/1999/xhtml"><p><b>Generated Narrative: Organization</b></p><div style="display: inline-block; background-color: #d9e0e7; padding: 6px; margin: 4px; border: 1px solid #8da1b4; border-radius: 5px; line-height: 60%"><p style="margin-bottom: 0px">Profile: <a href="StructureDefinition-gp-naps-organization.html">GP NAPS Organization</a></p></div><p><b>identifier</b>: id: 3235209</p><p><b>type</b>: GP practice <span style="background: LightGoldenRodYellow; margin: 4px; border: 1px solid khaki"> (<a href="https://browser.ihtsdotools.org/">SNOMED CT</a>#394761003)</span></p><p><b>address</b>: QLD 4655 </p></div>
        </text>
        <!--  Practice name converted to NAPS practice registration identifier  -->
        <identifier>
          <system value="https://www.naps.org.au/id/practice"/>
          <value value="3235209"/>
        </identifier>
        <type>
          <coding>
            <system value="http://snomed.info/sct"/>
            <code value="394761003"/>
          </coding>
          <text value="GP practice"/>
        </type>
        <address>
          <!--  State/Territory  -->
          <state value="QLD"/>
          <!--  Postcode  -->
          <postalCode value="4655"/>
        </address>
      </Organization>
    </resource>
  </entry>
  <entry>
    <fullUrl value="urn:uuid:949133cb-de9a-44a7-b3d3-bd0e9d9d2faf"/>
    <resource>
      <Encounter>
        <meta>
          <profile value="https://www.naps.org.au/fhir/gp/StructureDefinition/gp-naps-encounter"/>
        </meta>
        <text>
          <status value="generated"/><div xmlns="http://www.w3.org/1999/xhtml"><p><b>Generated Narrative: Encounter</b></p><div style="display: inline-block; background-color: #d9e0e7; padding: 6px; margin: 4px; border: 1px solid #8da1b4; border-radius: 5px; line-height: 60%"><p style="margin-bottom: 0px">Profile: <a href="StructureDefinition-gp-naps-encounter.html">GP NAPS Encounter</a></p></div><p><b>status</b>: finished</p><p><b>class</b>: ambulatory (Details: http://terminology.hl7.org/CodeSystem/v3-ActCode code AMB = 'ambulatory', stated as 'ambulatory')</p><p><b>subject</b>: <a href="#urnuuid3fe721b9-2258-4707-a9cf-c13dd7d03747">See above (urn:uuid:3fe721b9-2258-4707-a9cf-c13dd7d03747)</a></p><h3>Participants</h3><table class="grid"><tr><td>-</td><td><b>Type</b></td><td><b>Individual</b></td></tr><tr><td>*</td><td>primary performer <span style="background: LightGoldenRodYellow; margin: 4px; border: 1px solid khaki"> (<a href="http://terminology.hl7.org/5.0.0/CodeSystem-v3-ParticipationType.html">ParticipationType</a>#PPRF)</span></td><td><a href="#urnuuid6455b6e5-e7bc-4f04-be8d-899bc3d2fe22">See above (urn:uuid:6455b6e5-e7bc-4f04-be8d-899bc3d2fe22)</a></td></tr></table><p><b>period</b>: ?? --&gt; 2022-02-10 16:00:00+1000</p><p><b>serviceProvider</b>: <a href="#urnuuidfc3a8c62-1b01-4971-8e46-5c5fdd1c6082">See above (urn:uuid:fc3a8c62-1b01-4971-8e46-5c5fdd1c6082)</a></p></div>
        </text>
        <status value="finished"/>
        <class>
          <system value="http://terminology.hl7.org/CodeSystem/v3-ActCode"/>
          <code value="AMB"/>
          <display value="ambulatory"/>
        </class>
        <subject>
          <reference value="urn:uuid:3fe721b9-2258-4707-a9cf-c13dd7d03747"/>
        </subject>
        <participant>
          <type>
            <coding>
              <system value="http://terminology.hl7.org/CodeSystem/v3-ParticipationType"/>
              <code value="PPRF"/>
              <display value="primary performer"/>
            </coding>
          </type>
          <individual>
            <reference value="urn:uuid:6455b6e5-e7bc-4f04-be8d-899bc3d2fe22"/>
          </individual>
        </participant>
        <!--  Date of visit  -->
        <period>
          <end value="2022-02-10T16:00:00+10:00"/>
        </period>
        <serviceProvider>
          <reference value="urn:uuid:fc3a8c62-1b01-4971-8e46-5c5fdd1c6082"/>
        </serviceProvider>
      </Encounter>
    </resource>
  </entry>
  <entry>
    <fullUrl value="urn:uuid:6455b6e5-e7bc-4f04-be8d-899bc3d2fe22"/>
    <resource>
      <PractitionerRole>
        <meta>
          <profile value="https://www.naps.org.au/fhir/gp/StructureDefinition/gp-naps-practitionerrole"/>
        </meta>
        <text>
          <status value="generated"/><div xmlns="http://www.w3.org/1999/xhtml"><p><b>Generated Narrative: PractitionerRole</b></p><div style="display: inline-block; background-color: #d9e0e7; padding: 6px; margin: 4px; border: 1px solid #8da1b4; border-radius: 5px; line-height: 60%"><p style="margin-bottom: 0px">Profile: <a href="StructureDefinition-gp-naps-practitionerrole.html">GP NAPS PractitionerRole</a></p></div><p><b>practitioner</b>: <span/></p><p><b>organization</b>: <a href="#urnuuidfc3a8c62-1b01-4971-8e46-5c5fdd1c6082">See above (urn:uuid:fc3a8c62-1b01-4971-8e46-5c5fdd1c6082)</a></p><p><b>code</b>: General Practitioner <span style="background: LightGoldenRodYellow; margin: 4px; border: 1px solid khaki"> ()</span></p></div>
        </text>
        <practitioner>
          <!--  Prescriber Number converted to Prescriber Id managed by local system within their registration segment  -->
          <identifier>
            <system value="https://www.naps.org.au/id/practice-scoped/14124/prescriber/"/>
            <value value="3235209"/>
          </identifier>
        </practitioner>
        <organization>
          <reference value="urn:uuid:fc3a8c62-1b01-4971-8e46-5c5fdd1c6082"/>
        </organization>
        <!--  Specialty  -->
        <code>
          <text value="General Practitioner"/>
        </code>
      </PractitionerRole>
    </resource>
  </entry>
  <entry>
    <fullUrl value="urn:uuid:3694f804-44b4-408e-8fd6-e18ff38e2506"/>
    <resource>
      <Observation>
        <meta>
          <profile value="https://www.naps.org.au/fhir/gp/StructureDefinition/gp-naps-bodyweight"/>
        </meta>
        <text>
          <status value="generated"/><div xmlns="http://www.w3.org/1999/xhtml"><p><b>Generated Narrative: Observation</b></p><div style="display: inline-block; background-color: #d9e0e7; padding: 6px; margin: 4px; border: 1px solid #8da1b4; border-radius: 5px; line-height: 60%"><p style="margin-bottom: 0px">Profile: <a href="StructureDefinition-gp-naps-bodyweight.html">GP NAPS Body Weight</a></p></div><p><b>status</b>: final</p><p><b>category</b>: Vital Signs <span style="background: LightGoldenRodYellow; margin: 4px; border: 1px solid khaki"> (<a href="http://terminology.hl7.org/5.0.0/CodeSystem-observation-category.html">Observation Category Codes</a>#vital-signs)</span></p><p><b>code</b>: weight <span style="background: LightGoldenRodYellow; margin: 4px; border: 1px solid khaki"> (<a href="https://loinc.org/">LOINC</a>#29463-7 &quot;Body weight&quot;; <a href="https://browser.ihtsdotools.org/">SNOMED CT</a>#27113001)</span></p><p><b>subject</b>: <a href="#urnuuid3fe721b9-2258-4707-a9cf-c13dd7d03747">See above (urn:uuid:3fe721b9-2258-4707-a9cf-c13dd7d03747)</a></p><p><b>effective</b>: 2016-07-02</p><p><b>value</b>: 75 kg<span style="background: LightGoldenRodYellow"> (Details: UCUM code kg = 'kg')</span></p></div>
        </text>
        <status value="final"/>
        <category>
          <coding>
            <system value="http://terminology.hl7.org/CodeSystem/observation-category"/>
            <code value="vital-signs"/>
            <display value="Vital Signs"/>
          </coding>
          <text value="Vital Signs"/>
        </category>
        <code>
          <coding>
            <system value="http://loinc.org"/>
            <code value="29463-7"/>
            <display value="Body weight"/>
          </coding>
          <coding>
            <system value="http://snomed.info/sct"/>
            <code value="27113001"/>
          </coding>
          <text value="weight"/>
        </code>
        <subject>
          <reference value="urn:uuid:3fe721b9-2258-4707-a9cf-c13dd7d03747"/>
        </subject>
        <effectiveDateTime value="2016-07-02"/>
        <!--  Weight  -->
        <valueQuantity>
          <value value="75"/>
          <unit value="kg"/>
          <system value="http://unitsofmeasure.org"/>
          <code value="kg"/>
        </valueQuantity>
      </Observation>
    </resource>
  </entry>
  <entry>
    <fullUrl value="urn:uuid:02a6a3de-a088-4845-9055-39dac68dfb6f"/>
    <resource>
      <AllergyIntolerance>
        <meta>
          <profile value="https://www.naps.org.au/fhir/gp/StructureDefinition/gp-naps-allergyintolerance"/>
        </meta>
        <text>
          <status value="generated"/><div xmlns="http://www.w3.org/1999/xhtml"><p><b>Generated Narrative: AllergyIntolerance</b></p><div style="display: inline-block; background-color: #d9e0e7; padding: 6px; margin: 4px; border: 1px solid #8da1b4; border-radius: 5px; line-height: 60%"><p style="margin-bottom: 0px">Profile: <a href="StructureDefinition-gp-naps-allergyintolerance.html">GP NAPS AllergyIntolerance</a></p></div><p><b>clinicalStatus</b>: Active <span style="background: LightGoldenRodYellow; margin: 4px; border: 1px solid khaki"> (<a href="http://terminology.hl7.org/5.0.0/CodeSystem-allergyintolerance-clinical.html">AllergyIntolerance Clinical Status Codes</a>#active)</span></p><p><b>verificationStatus</b>: Unconfirmed <span style="background: LightGoldenRodYellow; margin: 4px; border: 1px solid khaki"> (<a href="http://terminology.hl7.org/5.0.0/CodeSystem-allergyintolerance-verification.html">AllergyIntolerance Verification Status</a>#unconfirmed)</span></p><p><b>code</b>: trimethoprim + sulfamethoxazole <span style="background: LightGoldenRodYellow; margin: 4px; border: 1px solid khaki"> (<a href="https://browser.ihtsdotools.org/">SNOMED CT</a>#21461011000036103)</span></p><p><b>patient</b>: <a href="#urnuuid3fe721b9-2258-4707-a9cf-c13dd7d03747">See above (urn:uuid:3fe721b9-2258-4707-a9cf-c13dd7d03747)</a></p><h3>Reactions</h3><table class="grid"><tr><td>-</td><td><b>Substance</b></td><td><b>Manifestation</b></td></tr><tr><td>*</td><td>trimethoprim + sulfamethoxazole <span style="background: LightGoldenRodYellow; margin: 4px; border: 1px solid khaki"> (<a href="https://browser.ihtsdotools.org/">SNOMED CT</a>#21461011000036103)</span></td><td>Rash <span style="background: LightGoldenRodYellow; margin: 4px; border: 1px solid khaki"> ()</span></td></tr></table></div>
        </text>
        <clinicalStatus>
          <coding>
            <system value="http://terminology.hl7.org/CodeSystem/allergyintolerance-clinical"/>
            <code value="active"/>
            <display value="Active"/>
          </coding>
        </clinicalStatus>
        <verificationStatus>
          <coding>
            <system value="http://terminology.hl7.org/CodeSystem/allergyintolerance-verification"/>
            <code value="unconfirmed"/>
            <display value="Unconfirmed"/>
          </coding>
        </verificationStatus>
        <!--  Allergies to Antimicrobial  -->
        <code>
          <coding>
            <system value="http://snomed.info/sct"/>
            <code value="21461011000036103"/>
            <display value="trimethoprim + sulfamethoxazole"/>
          </coding>
        </code>
        <patient>
          <reference value="urn:uuid:3fe721b9-2258-4707-a9cf-c13dd7d03747"/>
        </patient>
        <reaction>
          <substance>
            <coding>
              <system value="http://snomed.info/sct"/>
              <code value="21461011000036103"/>
              <display value="trimethoprim + sulfamethoxazole"/>
            </coding>
          </substance>
          <!--  Nature of Allergies  -->
          <manifestation>
            <text value="Rash"/>
          </manifestation>
        </reaction>
      </AllergyIntolerance>
    </resource>
  </entry>
  <entry>
    <fullUrl value="urn:uuid:cf5c5aee-f4c7-4660-bc5f-b515c41f6168"/>
    <resource>
      <Observation>
        <meta>
          <profile value="https://www.naps.org.au/fhir/gp/StructureDefinition/gp-naps-smokingstatus"/>
        </meta>
        <text>
          <status value="generated"/><div xmlns="http://www.w3.org/1999/xhtml"><p><b>Generated Narrative: Observation</b></p><div style="display: inline-block; background-color: #d9e0e7; padding: 6px; margin: 4px; border: 1px solid #8da1b4; border-radius: 5px; line-height: 60%"><p style="margin-bottom: 0px">Profile: <a href="StructureDefinition-gp-naps-smokingstatus.html">GP NAPS Smoking Status</a></p></div><p><b>status</b>: final</p><p><b>category</b>: Social History <span style="background: LightGoldenRodYellow; margin: 4px; border: 1px solid khaki"> (<a href="http://terminology.hl7.org/5.0.0/CodeSystem-observation-category.html">Observation Category Codes</a>#social-history)</span></p><p><b>code</b>: Smoking status <span style="background: LightGoldenRodYellow; margin: 4px; border: 1px solid khaki"> (<a href="https://browser.ihtsdotools.org/">SNOMED CT</a>#266918002)</span></p><p><b>subject</b>: <a href="#urnuuid3fe721b9-2258-4707-a9cf-c13dd7d03747">See above (urn:uuid:3fe721b9-2258-4707-a9cf-c13dd7d03747)</a></p><p><b>effective</b>: 2016-07-02</p><p><b>value</b>: Ex-smoker <span style="background: LightGoldenRodYellow; margin: 4px; border: 1px solid khaki"> (<a href="https://browser.ihtsdotools.org/">SNOMED CT</a>#8517006)</span></p></div>
        </text>
        <status value="final"/>
        <category>
          <coding>
            <system value="http://terminology.hl7.org/CodeSystem/observation-category"/>
            <code value="social-history"/>
            <display value="Social History"/>
          </coding>
          <text value="Social History"/>
        </category>
        <code>
          <coding>
            <system value="http://snomed.info/sct"/>
            <code value="266918002"/>
          </coding>
          <text value="Smoking status"/>
        </code>
        <subject>
          <reference value="urn:uuid:3fe721b9-2258-4707-a9cf-c13dd7d03747"/>
        </subject>
        <effectiveDateTime value="2016-07-02"/>
        <!--  Patient_Other substance use_Status > Patient_Smoking_Status  -->
        <valueCodeableConcept>
          <coding>
            <system value="http://snomed.info/sct"/>
            <code value="8517006"/>
            <display value="Ex-smoker"/>
          </coding>
        </valueCodeableConcept>
      </Observation>
    </resource>
  </entry>
  <entry>
    <fullUrl value="urn:uuid:40147379-8a48-4d48-8ca9-620f17cb7802"/>
    <resource>
      <Observation>
        <meta>
          <profile value="https://www.naps.org.au/fhir/gp/StructureDefinition/gp-naps-age"/>
        </meta>
        <text>
          <status value="generated"/><div xmlns="http://www.w3.org/1999/xhtml"><p><b>Generated Narrative: Observation</b></p><div style="display: inline-block; background-color: #d9e0e7; padding: 6px; margin: 4px; border: 1px solid #8da1b4; border-radius: 5px; line-height: 60%"><p style="margin-bottom: 0px">Profile: <a href="StructureDefinition-gp-naps-age.html">GP NAPS Age</a></p></div><p><b>status</b>: final</p><p><b>code</b>: Age <span style="background: LightGoldenRodYellow; margin: 4px; border: 1px solid khaki"> (<a href="https://browser.ihtsdotools.org/">SNOMED CT</a>#424144002)</span></p><p><b>subject</b>: <a href="#urnuuid3fe721b9-2258-4707-a9cf-c13dd7d03747">See above (urn:uuid:3fe721b9-2258-4707-a9cf-c13dd7d03747)</a></p><p><b>effective</b>: 2022-02-10</p><p><b>value</b>: 49 year<span style="background: LightGoldenRodYellow"> (Details: UCUM code a = 'a')</span></p></div>
        </text>
        <status value="final"/>
        <code>
          <coding>
            <system value="http://snomed.info/sct"/>
            <code value="424144002"/>
          </coding>
          <text value="Age"/>
        </code>
        <subject>
          <reference value="urn:uuid:3fe721b9-2258-4707-a9cf-c13dd7d03747"/>
        </subject>
        <effectiveDateTime value="2022-02-10"/>
        <!--  Patient age in years  -->
        <valueQuantity>
          <value value="49"/>
          <unit value="year"/>
          <system value="http://unitsofmeasure.org"/>
          <code value="a"/>
        </valueQuantity>
      </Observation>
    </resource>
  </entry>
  <entry>
    <fullUrl value="urn:uuid:8c138f68-b23d-4673-9fcb-4b030082b768"/>
    <resource>
      <Observation>
        <meta>
          <profile value="http://hl7.org.au/fhir/StructureDefinition/au-pathologyresult"/>
        </meta>
        <text>
          <status value="generated"/><div xmlns="http://www.w3.org/1999/xhtml"><p><b>Generated Narrative: Observation</b></p><div style="display: inline-block; background-color: #d9e0e7; padding: 6px; margin: 4px; border: 1px solid #8da1b4; border-radius: 5px; line-height: 60%"><p style="margin-bottom: 0px">Profile: <a href="https://build.fhir.org/ig/hl7au/au-fhir-base//StructureDefinition-au-pathologyresult.html">AU Base Pathology Result</a></p></div><p><b>status</b>: final</p><p><b>category</b>: Laboratory <span style="background: LightGoldenRodYellow; margin: 4px; border: 1px solid khaki"> (<a href="http://terminology.hl7.org/5.0.0/CodeSystem-observation-category.html">Observation Category Codes</a>#laboratory)</span></p><p><b>code</b>: Glomerular filtration rate/1.73 sq M.predicted [Volume Rate/Area] in Serum, Plasma or Blood by Creatinine-based formula (CKD-EPI 2021) <span style="background: LightGoldenRodYellow; margin: 4px; border: 1px solid khaki"> (<a href="https://loinc.org/">LOINC</a>#98979-8)</span></p><p><b>subject</b>: <a href="#urnuuid3fe721b9-2258-4707-a9cf-c13dd7d03747">See above (urn:uuid:3fe721b9-2258-4707-a9cf-c13dd7d03747)</a></p><p><b>effective</b>: 2020-10-02</p><p><b>value</b>: &gt;60 mL/min/1.73m2<span style="background: LightGoldenRodYellow"> (Details: UCUM code mL/min/{1.73_m2} = 'mL/min/{1.73_m2}')</span></p></div>
        </text>
        <status value="final"/>
        <category>
          <coding>
            <system value="http://terminology.hl7.org/CodeSystem/observation-category"/>
            <code value="laboratory"/>
            <display value="Laboratory"/>
          </coding>
        </category>
        <code>
          <!--      Kind of observation = eGFR for AA      -->
          <coding>
            <system value="http://loinc.org"/>
            <code value="98979-8"/>
          </coding>
        </code>
        <subject>
          <reference value="urn:uuid:3fe721b9-2258-4707-a9cf-c13dd7d03747"/>
        </subject>
        <effectiveDateTime value="2020-10-02"/>
        <!--  eGFR  -->
        <valueQuantity>
          <value value="60"/>
          <comparator value="&gt;"/>
          <unit value="mL/min/1.73m2"/>
          <system value="http://unitsofmeasure.org"/>
          <code value="mL/min/{1.73_m2}"/>
        </valueQuantity>
      </Observation>
    </resource>
  </entry>
  <entry>
    <fullUrl value="urn:uuid:ed11dc8b-f65c-46e8-85fe-9e95cf5bf065"/>
    <resource>
      <Observation>
        <meta>
          <profile value="http://hl7.org.au/fhir/StructureDefinition/au-pathologyresult"/>
        </meta>
        <text>
          <status value="generated"/><div xmlns="http://www.w3.org/1999/xhtml"><p><b>Generated Narrative: Observation</b></p><div style="display: inline-block; background-color: #d9e0e7; padding: 6px; margin: 4px; border: 1px solid #8da1b4; border-radius: 5px; line-height: 60%"><p style="margin-bottom: 0px">Profile: <a href="https://build.fhir.org/ig/hl7au/au-fhir-base//StructureDefinition-au-pathologyresult.html">AU Base Pathology Result</a></p></div><p><b>status</b>: final</p><p><b>category</b>: Laboratory <span style="background: LightGoldenRodYellow; margin: 4px; border: 1px solid khaki"> (<a href="http://terminology.hl7.org/5.0.0/CodeSystem-observation-category.html">Observation Category Codes</a>#laboratory)</span></p><p><b>code</b>: Creatinine renal clearance in 24 hour Urine and Serum or Plasma <span style="background: LightGoldenRodYellow; margin: 4px; border: 1px solid khaki"> (<a href="https://loinc.org/">LOINC</a>#2164-2; <a href="https://browser.ihtsdotools.org/">SNOMED CT</a>#102811001 &quot;Creatinine renal clearance&quot;)</span></p><p><b>subject</b>: <a href="#urnuuid3fe721b9-2258-4707-a9cf-c13dd7d03747">See above (urn:uuid:3fe721b9-2258-4707-a9cf-c13dd7d03747)</a></p><p><b>effective</b>: 2020-10-02</p><p><b>value</b>: 128 mL/min<span style="background: LightGoldenRodYellow"> (Details: UCUM code mL/min = 'mL/min')</span></p></div>
        </text>
        <status value="final"/>
        <category>
          <coding>
            <system value="http://terminology.hl7.org/CodeSystem/observation-category"/>
            <code value="laboratory"/>
            <display value="Laboratory"/>
          </coding>
        </category>
        <code>
          <coding>
            <system value="http://loinc.org"/>
            <code value="2164-2"/>
            <display value="Creatinine renal clearance in 24 hour Urine and Serum or Plasma"/>
          </coding>
          <coding>
            <system value="http://snomed.info/sct"/>
            <code value="102811001"/>
            <display value="Creatinine renal clearance"/>
          </coding>
        </code>
        <subject>
          <reference value="urn:uuid:3fe721b9-2258-4707-a9cf-c13dd7d03747"/>
        </subject>
        <effectiveDateTime value="2020-10-02"/>
        <valueQuantity>
          <value value="128"/>
          <unit value="mL/min"/>
          <system value="http://unitsofmeasure.org"/>
          <code value="mL/min"/>
        </valueQuantity>
      </Observation>
    </resource>
  </entry>
  <entry>
    <fullUrl value="urn:uuid:ec0fd1d9-1a96-44a9-ae2e-e6df954108a8"/>
    <resource>
      <MedicationRequest>
        <meta>
          <profile value="https://www.naps.org.au/fhir/gp/StructureDefinition/gp-naps-medicationrequest"/>
        </meta>
        <text>
          <status value="extensions"/><div xmlns="http://www.w3.org/1999/xhtml"><p><b>Generated Narrative: MedicationRequest</b></p><div style="display: inline-block; background-color: #d9e0e7; padding: 6px; margin: 4px; border: 1px solid #8da1b4; border-radius: 5px; line-height: 60%"><p style="margin-bottom: 0px">Profile: <a href="StructureDefinition-gp-naps-medicationrequest.html">GP NAPS MedicationRequest</a></p></div><p><b>Prescription Authority Type</b>: Pharmaceutical Benefits Scheme (Details: https://www.naps.org.au/fhir/gp/CodeSystem/naps-script-authority-type code pbs = 'Pharmaceutical Benefits Scheme', stated as 'Pharmaceutical Benefits Scheme')</p><p><b>status</b>: unknown</p><p><b>intent</b>: order</p><p><b>medication</b>: Rulide 150 mg tablet <span style="background: LightGoldenRodYellow; margin: 4px; border: 1px solid khaki"> (<a href="https://browser.ihtsdotools.org/">SNOMED CT</a>#5368011000036100)</span></p><p><b>subject</b>: <a href="#urnuuid3fe721b9-2258-4707-a9cf-c13dd7d03747">See above (urn:uuid:3fe721b9-2258-4707-a9cf-c13dd7d03747)</a></p><p><b>encounter</b>: <a href="#urnuuid949133cb-de9a-44a7-b3d3-bd0e9d9d2faf">See above (urn:uuid:949133cb-de9a-44a7-b3d3-bd0e9d9d2faf)</a></p><p><b>supportingInformation</b>: <a href="#urnuuid40147379-8a48-4d48-8ca9-620f17cb7802">See above (urn:uuid:40147379-8a48-4d48-8ca9-620f17cb7802)</a></p><p><b>authoredOn</b>: 2022-02-10</p><p><b>requester</b>: <a href="#urnuuid6455b6e5-e7bc-4f04-be8d-899bc3d2fe22">See above (urn:uuid:6455b6e5-e7bc-4f04-be8d-899bc3d2fe22)</a></p><p><b>reasonCode</b>: Acute rhinosinusitis <span style="background: LightGoldenRodYellow; margin: 4px; border: 1px solid khaki"> (<a href="https://browser.ihtsdotools.org/">SNOMED CT</a>#431231008)</span></p><blockquote><p><b>dosageInstruction</b></p><p><b>text</b>: 1 tab Twice a day before meals</p><p><b>timing</b>: Code: Twice a day before meals</p><p><b>route</b>: Oral route <span style="background: LightGoldenRodYellow; margin: 4px; border: 1px solid khaki"> (<a href="https://browser.ihtsdotools.org/">SNOMED CT</a>#26643006)</span></p><blockquote><p><b>doseAndRate</b></p></blockquote></blockquote><h3>DispenseRequests</h3><table class="grid"><tr><td>-</td><td><b>ValidityPeriod</b></td><td><b>NumberOfRepeatsAllowed</b></td><td><b>Quantity</b></td></tr><tr><td>*</td><td>2022-02-10 --&gt; (ongoing)</td><td>1</td><td>10 Tab</td></tr></table></div>
        </text>
        <!--  Prescription Type  -->
        <extension url="https://www.naps.org.au/fhir/gp/StructureDefinition/gp-naps-script-authority-type">
          <valueCoding>
            <system value="https://www.naps.org.au/fhir/gp/CodeSystem/naps-script-authority-type"/>
            <code value="pbs"/>
            <display value="Pharmaceutical Benefits Scheme"/>
          </valueCoding>
        </extension>
        <status value="unknown"/>
        <intent value="order"/>
        <medicationCodeableConcept>
          <coding>
            <system value="http://snomed.info/sct"/>
            <code value="5368011000036100"/>
            <display value="Rulide 150 mg tablet"/>
          </coding>
          <text value="Rulide 150 mg tablet"/>
        </medicationCodeableConcept>
        <subject>
          <reference value="urn:uuid:3fe721b9-2258-4707-a9cf-c13dd7d03747"/>
        </subject>
        <encounter>
          <reference value="urn:uuid:949133cb-de9a-44a7-b3d3-bd0e9d9d2faf"/>
        </encounter>
        <!--  Age  -->
        <supportingInformation>
          <reference value="urn:uuid:40147379-8a48-4d48-8ca9-620f17cb7802"/>
        </supportingInformation>
        <!--  Date of visit  -->
        <authoredOn value="2022-02-10"/>
        <!--  Prescriber  -->
        <requester>
          <reference value="urn:uuid:6455b6e5-e7bc-4f04-be8d-899bc3d2fe22"/>
        </requester>
        <!--  Indication for Antimicrobial  -->
        <reasonCode>
          <coding>
            <system value="http://snomed.info/sct"/>
            <code value="431231008"/>
            <display value="Acute rhinosinusitis"/>
          </coding>
          <text value="Acute rhinosinusitis"/>
        </reasonCode>
        <dosageInstruction>
          <text value="1 tab Twice a day before meals"/>
          <!--  Frequency  -->
          <timing>
            <code>
              <text value="Twice a day before meals"/>
            </code>
          </timing>
          <!--  Route  -->
          <route>
            <coding>
              <system value="http://snomed.info/sct"/>
              <code value="26643006"/>
              <display value="Oral route"/>
            </coding>
          </route>
          <doseAndRate>
            <doseQuantity>
              <!--  Dose  -->
              <value value="1"/>
              <!--  Dose unit  -->
              <unit value="TAB"/>
              <system value="http://terminology.hl7.org/CodeSystem/v3-orderableDrugForm"/>
              <code value="TAB"/>
            </doseQuantity>
          </doseAndRate>
        </dosageInstruction>
        <dispenseRequest>
          <!--  Date of prescription  -->
          <validityPeriod>
            <start value="2022-02-10"/>
          </validityPeriod>
          <!--  Repeats  -->
          <numberOfRepeatsAllowed value="1"/>
          <!--  Quantity  -->
          <quantity>
            <value value="10"/>
            <unit value="Tab"/>
          </quantity>
        </dispenseRequest>
      </MedicationRequest>
    </resource>
  </entry>
  <entry>
    <fullUrl value="urn:uuid:da0fe578-21d7-4f97-9f3e-de193d6da997"/>
    <resource>
      <MedicationStatement>
        <meta>
          <profile value="https://www.naps.org.au/fhir/gp/StructureDefinition/gp-naps-medicationstatement"/>
        </meta>
        <text>
          <status value="extensions"/><div xmlns="http://www.w3.org/1999/xhtml"><p><b>Generated Narrative: MedicationStatement</b></p><div style="display: inline-block; background-color: #d9e0e7; padding: 6px; margin: 4px; border: 1px solid #8da1b4; border-radius: 5px; line-height: 60%"><p style="margin-bottom: 0px">Profile: <a href="StructureDefinition-gp-naps-medicationstatement.html">GP NAPS MedicationStatement</a></p></div><p><b>Long Term</b>: false</p><p><b>status</b>: intended</p><p><b>medication</b>: Rulide 150 mg tablet <span style="background: LightGoldenRodYellow; margin: 4px; border: 1px solid khaki"> (<a href="https://browser.ihtsdotools.org/">SNOMED CT</a>#5368011000036100)</span></p><p><b>subject</b>: <a href="#urnuuid3fe721b9-2258-4707-a9cf-c13dd7d03747">See above (urn:uuid:3fe721b9-2258-4707-a9cf-c13dd7d03747)</a></p><p><b>dateAsserted</b>: 2022-02-10</p><p><b>derivedFrom</b>: <a href="#urnuuidec0fd1d9-1a96-44a9-ae2e-e6df954108a8">See above (urn:uuid:ec0fd1d9-1a96-44a9-ae2e-e6df954108a8)</a></p><p><b>reasonCode</b>: Acute rhinosinusitis <span style="background: LightGoldenRodYellow; margin: 4px; border: 1px solid khaki"> (<a href="https://browser.ihtsdotools.org/">SNOMED CT</a>#431231008)</span></p><blockquote><p><b>dosage</b></p><p><b>text</b>: 1 tab Twice a day before meals</p><p><b>route</b>: Oral route <span style="background: LightGoldenRodYellow; margin: 4px; border: 1px solid khaki"> (<a href="https://browser.ihtsdotools.org/">SNOMED CT</a>#26643006)</span></p><blockquote><p><b>doseAndRate</b></p></blockquote></blockquote></div>
        </text>
        <!--  Long_Term  -->
        <extension url="http://hl7.org.au/fhir/StructureDefinition/medication-long-term">
          <valueBoolean value="false"/>
        </extension>
        <!--  Derived from MedicationRequest that is instance-order - Medication  -->
        <status value="intended"/>
        <!--  Derived from MedicationRequest.medicationCodeableConcept  -->
        <medicationCodeableConcept>
          <coding>
            <system value="http://snomed.info/sct"/>
            <code value="5368011000036100"/>
            <display value="Rulide 150 mg tablet"/>
          </coding>
          <text value="Rulide 150 mg tablet"/>
        </medicationCodeableConcept>
        <!--  Derived from MedicationRequest - Subject  -->
        <subject>
          <reference value="urn:uuid:3fe721b9-2258-4707-a9cf-c13dd7d03747"/>
        </subject>
        <!--  Derived from MedicationRequest - Date of Visit  -->
        <dateAsserted value="2022-02-10"/>
        <derivedFrom>
          <reference value="urn:uuid:ec0fd1d9-1a96-44a9-ae2e-e6df954108a8"/>
        </derivedFrom>
        <!--  Derived from MedicationRequest - Indication for Antimicrobial  -->
        <reasonCode>
          <coding>
            <system value="http://snomed.info/sct"/>
            <code value="431231008"/>
            <display value="Acute rhinosinusitis"/>
          </coding>
          <text value="Acute rhinosinusitis"/>
        </reasonCode>
        <!--  Derived from MedicationRequest - Dosage  -->
        <dosage>
          <text value="1 tab Twice a day before meals"/>
          <!--  Route  -->
          <route>
            <coding>
              <system value="http://snomed.info/sct"/>
              <code value="26643006"/>
              <display value="Oral route"/>
            </coding>
          </route>
          <doseAndRate>
            <doseQuantity>
              <!--  Dose  -->
              <value value="1"/>
              <!--  Dose unit  -->
              <unit value="TAB"/>
              <system value="http://terminology.hl7.org/CodeSystem/v3-orderableDrugForm"/>
              <code value="TAB"/>
            </doseQuantity>
          </doseAndRate>
        </dosage>
      </MedicationStatement>
    </resource>
  </entry>
</Bundle>