{
  "resourceType" : "CodeSystem",
  "id" : "naps-script-authority-type",
  "meta" : {
    "profile" : ["http://hl7.org/fhir/StructureDefinition/shareablecodesystem"]
  },
  "text" : {
    "status" : "generated",
    "div" : "<div xmlns=\"http://www.w3.org/1999/xhtml\"><p>This code system <code>https://www.naps.org.au/fhir/gp/CodeSystem/naps-script-authority-type</code> defines the following codes:</p><table class=\"codes\"><tr><td style=\"white-space:nowrap\"><b>Code</b></td><td><b>Display</b></td></tr><tr><td style=\"white-space:nowrap\">dva<a name=\"naps-script-authority-type-dva\"> </a></td><td>Department of Veterans' Affairs</td></tr><tr><td style=\"white-space:nowrap\">pbs<a name=\"naps-script-authority-type-pbs\"> </a></td><td>Pharmaceutical Benefits Scheme</td></tr><tr><td style=\"white-space:nowrap\">priv<a name=\"naps-script-authority-type-priv\"> </a></td><td>Private</td></tr><tr><td style=\"white-space:nowrap\">auth<a name=\"naps-script-authority-type-auth\"> </a></td><td>Authority</td></tr></table></div>"
  },
  "url" : "https://www.naps.org.au/fhir/gp/CodeSystem/naps-script-authority-type",
  "version" : "0.1.1-draft",
  "name" : "PrescriptionAuthorityType",
  "title" : "Prescription Authority Type",
  "status" : "active",
  "experimental" : false,
  "date" : "2023-04-27T18:00:13+10:00",
  "publisher" : "National Centre for Antimicrobial Stewardship",
  "contact" : [{
    "telecom" : [{
      "system" : "url",
      "value" : "https://www.naps.org.au/"
    }]
  }],
  "description" : "The Prescription Authority Type code system defines the concepts for prescription authority type under Pharmaceutical Benefits Scheme (PBS) prescribing requirements.\n\nThis code system will be submitted to HL7 Australia for inclusion in the [HL7 AU Base Implementation Guide](http://build.fhir.org/ig/hl7au/au-fhir-base/). If accepted, this GP NAPS content will be replaced with HL7 Australia content.",
  "jurisdiction" : [{
    "coding" : [{
      "system" : "urn:iso:std:iso:3166",
      "code" : "AU"
    }]
  }],
  "caseSensitive" : true,
  "compositional" : false,
  "versionNeeded" : false,
  "content" : "complete",
  "concept" : [{
    "code" : "dva",
    "display" : "Department of Veterans' Affairs",
    "property" : [{
      "code" : "status",
      "valueCode" : "active"
    }]
  },
  {
    "code" : "pbs",
    "display" : "Pharmaceutical Benefits Scheme",
    "property" : [{
      "code" : "status",
      "valueCode" : "active"
    }]
  },
  {
    "code" : "priv",
    "display" : "Private",
    "property" : [{
      "code" : "status",
      "valueCode" : "active"
    }]
  },
  {
    "code" : "auth",
    "display" : "Authority",
    "property" : [{
      "code" : "status",
      "valueCode" : "active"
    }]
  }]
}