<?xml version="1.0" encoding="UTF-8"?>

<CodeSystem xmlns="http://hl7.org/fhir">
  <id value="naps-script-authority-type"/>
  <meta>
    <profile value="http://hl7.org/fhir/StructureDefinition/shareablecodesystem"/>
  </meta>
  <text>
    <status value="generated"/><div xmlns="http://www.w3.org/1999/xhtml"><p>This code system <code>https://www.naps.org.au/fhir/gp/CodeSystem/naps-script-authority-type</code> defines the following codes:</p><table class="codes"><tr><td style="white-space:nowrap"><b>Code</b></td><td><b>Display</b></td></tr><tr><td style="white-space:nowrap">dva<a name="naps-script-authority-type-dva"> </a></td><td>Department of Veterans' Affairs</td></tr><tr><td style="white-space:nowrap">pbs<a name="naps-script-authority-type-pbs"> </a></td><td>Pharmaceutical Benefits Scheme</td></tr><tr><td style="white-space:nowrap">priv<a name="naps-script-authority-type-priv"> </a></td><td>Private</td></tr><tr><td style="white-space:nowrap">auth<a name="naps-script-authority-type-auth"> </a></td><td>Authority</td></tr></table></div>
  </text>
  <url value="https://www.naps.org.au/fhir/gp/CodeSystem/naps-script-authority-type"/>
  <version value="0.1.1-draft"/>
  <name value="PrescriptionAuthorityType"/>
  <title value="Prescription Authority Type"/>
  <status value="active"/>
  <experimental value="false"/>
  <date value="2023-04-27T18:00:13+10:00"/>
  <publisher value="National Centre for Antimicrobial Stewardship"/>
  <contact>
    <telecom>
      <system value="url"/>
      <value value="https://www.naps.org.au/"/>
    </telecom>
  </contact>
  <description value="The Prescription Authority Type code system defines the concepts for prescription authority type under Pharmaceutical Benefits Scheme (PBS) prescribing requirements.&#xA;&#xA;This code system will be submitted to HL7 Australia for inclusion in the [HL7 AU Base Implementation Guide](http://build.fhir.org/ig/hl7au/au-fhir-base/). If accepted, this GP NAPS content will be replaced with HL7 Australia content."/>
  <jurisdiction>
    <coding>
      <system value="urn:iso:std:iso:3166"/>
      <code value="AU"/>
    </coding>
  </jurisdiction>
  <caseSensitive value="true"/>
  <compositional value="false"/>
  <versionNeeded value="false"/>
  <content value="complete"/>
  <concept>
    <code value="dva"/>
    <display value="Department of Veterans' Affairs"/>
    <property>
      <code value="status"/>
      <valueCode value="active"/>
    </property>
  </concept>
  <concept>
    <code value="pbs"/>
    <display value="Pharmaceutical Benefits Scheme"/>
    <property>
      <code value="status"/>
      <valueCode value="active"/>
    </property>
  </concept>
  <concept>
    <code value="priv"/>
    <display value="Private"/>
    <property>
      <code value="status"/>
      <valueCode value="active"/>
    </property>
  </concept>
  <concept>
    <code value="auth"/>
    <display value="Authority"/>
    <property>
      <code value="status"/>
      <valueCode value="active"/>
    </property>
  </concept>
</CodeSystem>