<?xml version="1.0" encoding="UTF-8"?>

<Encounter xmlns="http://hl7.org/fhir">
  <id value="naps-encounter-1"/>
  <meta>
    <profile value="https://www.naps.org.au/fhir/gp/StructureDefinition/gp-naps-encounter"/>
  </meta>
  <text>
    <status value="generated"/><div xmlns="http://www.w3.org/1999/xhtml"><p><b>Generated Narrative: Encounter</b><a name="naps-encounter-1"> </a></p><div style="display: inline-block; background-color: #d9e0e7; padding: 6px; margin: 4px; border: 1px solid #8da1b4; border-radius: 5px; line-height: 60%"><p style="margin-bottom: 0px">Resource Encounter &quot;naps-encounter-1&quot; </p><p style="margin-bottom: 0px">Profile: <a href="StructureDefinition-gp-naps-encounter.html">GP NAPS Encounter</a></p></div><p><b>status</b>: finished</p><p><b>class</b>: ambulatory (Details: http://terminology.hl7.org/CodeSystem/v3-ActCode code AMB = 'ambulatory', stated as 'ambulatory')</p><p><b>subject</b>: <a href="Patient-naps-patient-1.html">Patient/naps-patient-1</a></p><h3>Participants</h3><table class="grid"><tr><td>-</td><td><b>Type</b></td><td><b>Individual</b></td></tr><tr><td>*</td><td>primary performer <span style="background: LightGoldenRodYellow; margin: 4px; border: 1px solid khaki"> (<a href="http://terminology.hl7.org/5.0.0/CodeSystem-v3-ParticipationType.html">ParticipationType</a>#PPRF)</span></td><td><a href="PractitionerRole-naps-practitionerrole-1.html">PractitionerRole/naps-practitionerrole-1</a></td></tr></table><p><b>period</b>: ?? --&gt; 2022-02-10 16:00:00+1000</p><p><b>serviceProvider</b>: <a href="Organization-naps-organization-1.html">Organization/naps-organization-1</a></p></div>
  </text>
  <status value="finished"/>
  <class>
    <system value="http://terminology.hl7.org/CodeSystem/v3-ActCode"/>
    <code value="AMB"/>
    <display value="ambulatory"/>
  </class>
  <subject>
    <reference value="Patient/naps-patient-1"/>
  </subject>
  <participant>
    <type>
      <coding>
        <system value="http://terminology.hl7.org/CodeSystem/v3-ParticipationType"/>
        <code value="PPRF"/>
        <display value="primary performer"/>
      </coding>
    </type>
    <individual>
      <reference value="PractitionerRole/naps-practitionerrole-1"/>
    </individual>
  </participant>
  <!--  Date of visit  -->
  <period>
    <end value="2022-02-10T16:00:00+10:00"/>
  </period>
  <serviceProvider>
    <reference value="Organization/naps-organization-1"/>
  </serviceProvider>
</Encounter>