{
  "resourceType" : "Encounter",
  "id" : "naps-encounter-2",
  "meta" : {
    "profile" : ["https://www.naps.org.au/fhir/gp/StructureDefinition/gp-naps-encounter"]
  },
  "text" : {
    "status" : "generated",
    "div" : "<div xmlns=\"http://www.w3.org/1999/xhtml\"><p><b>Generated Narrative: Encounter</b><a name=\"naps-encounter-2\"> </a></p><div style=\"display: inline-block; background-color: #d9e0e7; padding: 6px; margin: 4px; border: 1px solid #8da1b4; border-radius: 5px; line-height: 60%\"><p style=\"margin-bottom: 0px\">Resource Encounter &quot;naps-encounter-2&quot; </p><p style=\"margin-bottom: 0px\">Profile: <a href=\"StructureDefinition-gp-naps-encounter.html\">GP NAPS Encounter</a></p></div><p><b>status</b>: finished</p><p><b>class</b>: ambulatory (Details: http://terminology.hl7.org/CodeSystem/v3-ActCode code AMB = 'ambulatory', stated as 'ambulatory')</p><p><b>subject</b>: <a href=\"Patient-naps-patient-2.html\">Patient/naps-patient-2</a></p><h3>Participants</h3><table class=\"grid\"><tr><td>-</td><td><b>Type</b></td><td><b>Individual</b></td></tr><tr><td>*</td><td>primary performer <span style=\"background: LightGoldenRodYellow; margin: 4px; border: 1px solid khaki\"> (<a href=\"http://terminology.hl7.org/5.0.0/CodeSystem-v3-ParticipationType.html\">ParticipationType</a>#PPRF)</span></td><td><a href=\"PractitionerRole-naps-practitionerrole-3.html\">PractitionerRole/naps-practitionerrole-3</a></td></tr></table><p><b>period</b>: ?? --&gt; 2018-07-15</p><p><b>serviceProvider</b>: <a href=\"Organization-naps-organization-2.html\">Organization/naps-organization-2</a></p></div>"
  },
  "status" : "finished",
  "class" : {
    "system" : "http://terminology.hl7.org/CodeSystem/v3-ActCode",
    "code" : "AMB",
    "display" : "ambulatory"
  },
  "subject" : {
    "reference" : "Patient/naps-patient-2"
  },
  "participant" : [{
    "type" : [{
      "coding" : [{
        "system" : "http://terminology.hl7.org/CodeSystem/v3-ParticipationType",
        "code" : "PPRF",
        "display" : "primary performer"
      }]
    }],
    "individual" : {
      "reference" : "PractitionerRole/naps-practitionerrole-3"
    }
  }],
  "period" : {
    "end" : "2018-07-15"
  },
  "serviceProvider" : {
    "reference" : "Organization/naps-organization-2"
  }
}