{
  "resourceType" : "MedicationStatement",
  "id" : "rulide",
  "meta" : {
    "profile" : ["https://www.naps.org.au/fhir/gp/StructureDefinition/gp-naps-medicationstatement"]
  },
  "text" : {
    "status" : "extensions",
    "div" : "<div xmlns=\"http://www.w3.org/1999/xhtml\"><p><b>Generated Narrative: MedicationStatement</b><a name=\"rulide\"> </a></p><div style=\"display: inline-block; background-color: #d9e0e7; padding: 6px; margin: 4px; border: 1px solid #8da1b4; border-radius: 5px; line-height: 60%\"><p style=\"margin-bottom: 0px\">Resource MedicationStatement &quot;rulide&quot; </p><p style=\"margin-bottom: 0px\">Profile: <a href=\"StructureDefinition-gp-naps-medicationstatement.html\">GP NAPS MedicationStatement</a></p></div><p><b>Long Term</b>: false</p><p><b>status</b>: intended</p><p><b>medication</b>: Rulide 150 mg tablet <span style=\"background: LightGoldenRodYellow; margin: 4px; border: 1px solid khaki\"> (<a href=\"https://browser.ihtsdotools.org/\">SNOMED CT</a>#5368011000036100)</span></p><p><b>subject</b>: <a href=\"Patient-naps-patient-1.html\">Patient/naps-patient-1</a></p><p><b>dateAsserted</b>: 2022-02-10</p><p><b>derivedFrom</b>: <a href=\"MedicationRequest-rulide.html\">MedicationRequest/rulide</a></p><p><b>reasonCode</b>: Acute rhinosinusitis <span style=\"background: LightGoldenRodYellow; margin: 4px; border: 1px solid khaki\"> (<a href=\"https://browser.ihtsdotools.org/\">SNOMED CT</a>#431231008)</span></p><blockquote><p><b>dosage</b></p><p><b>text</b>: 1 tab Twice a day before meals</p><p><b>route</b>: Oral route <span style=\"background: LightGoldenRodYellow; margin: 4px; border: 1px solid khaki\"> (<a href=\"https://browser.ihtsdotools.org/\">SNOMED CT</a>#26643006)</span></p><blockquote><p><b>doseAndRate</b></p></blockquote></blockquote></div>"
  },
  "extension" : [{
    "url" : "http://hl7.org.au/fhir/StructureDefinition/medication-long-term",
    "valueBoolean" : false
  }],
  "status" : "intended",
  "medicationCodeableConcept" : {
    "coding" : [{
      "system" : "http://snomed.info/sct",
      "code" : "5368011000036100",
      "display" : "Rulide 150 mg tablet"
    }],
    "text" : "Rulide 150 mg tablet"
  },
  "subject" : {
    "reference" : "Patient/naps-patient-1"
  },
  "dateAsserted" : "2022-02-10",
  "derivedFrom" : [{
    "reference" : "MedicationRequest/rulide"
  }],
  "reasonCode" : [{
    "coding" : [{
      "system" : "http://snomed.info/sct",
      "code" : "431231008",
      "display" : "Acute rhinosinusitis"
    }],
    "text" : "Acute rhinosinusitis"
  }],
  "dosage" : [{
    "text" : "1 tab Twice a day before meals",
    "route" : {
      "coding" : [{
        "system" : "http://snomed.info/sct",
        "code" : "26643006",
        "display" : "Oral route"
      }]
    },
    "doseAndRate" : [{
      "doseQuantity" : {
        "value" : 1,
        "unit" : "TAB",
        "system" : "http://terminology.hl7.org/CodeSystem/v3-orderableDrugForm",
        "code" : "TAB"
      }
    }]
  }]
}