<?xml version="1.0" encoding="UTF-8"?>

<MedicationRequest xmlns="http://hl7.org/fhir">
  <id value="valaciclovir"/>
  <meta>
    <profile value="https://www.naps.org.au/fhir/gp/StructureDefinition/gp-naps-medicationrequest"/>
  </meta>
  <text>
    <status value="extensions"/><div xmlns="http://www.w3.org/1999/xhtml"><p><b>Generated Narrative: MedicationRequest</b><a name="valaciclovir"> </a></p><div style="display: inline-block; background-color: #d9e0e7; padding: 6px; margin: 4px; border: 1px solid #8da1b4; border-radius: 5px; line-height: 60%"><p style="margin-bottom: 0px">Resource MedicationRequest &quot;valaciclovir&quot; </p><p style="margin-bottom: 0px">Profile: <a href="StructureDefinition-gp-naps-medicationrequest.html">GP NAPS MedicationRequest</a></p></div><p><b>Prescription Authority Type</b>: Private (Details: https://www.naps.org.au/fhir/gp/CodeSystem/naps-script-authority-type code priv = 'Private', stated as 'Private')</p><p><b>status</b>: unknown</p><p><b>intent</b>: order</p><p><b>medication</b>: Valaciclovir <span style="background: LightGoldenRodYellow; margin: 4px; border: 1px solid khaki"> ()</span></p><p><b>subject</b>: <a href="Patient-naps-patient-2.html">Patient/naps-patient-2</a></p><p><b>encounter</b>: <a href="Encounter-naps-encounter-2.html">Encounter/naps-encounter-2</a></p><p><b>supportingInformation</b>: </p><ul><li><a href="Observation-naps-age-lessthanmonth.html">Observation/naps-age-lessthanmonth</a></li><li><a href="Observation-naps-1st-trimester.html">Observation/naps-1st-trimester</a></li></ul><p><b>authoredOn</b>: 2018-07-15</p><p><b>requester</b>: <a href="PractitionerRole-naps-practitionerrole-3.html">PractitionerRole/naps-practitionerrole-3</a></p><p><b>reasonCode</b>: Infected prosthetic joint or bone prosthesis <span style="background: LightGoldenRodYellow; margin: 4px; border: 1px solid khaki"> ()</span></p><blockquote><p><b>dosageInstruction</b></p><p><b>timing</b>: Once per 24 hours</p><p><b>route</b>: Oral route <span style="background: LightGoldenRodYellow; margin: 4px; border: 1px solid khaki"> (<a href="https://browser.ihtsdotools.org/">SNOMED CT</a>#26643006)</span></p><blockquote><p><b>doseAndRate</b></p></blockquote></blockquote></div>
  </text>
  <!--  Prescription type  -->
  <extension url="https://www.naps.org.au/fhir/gp/StructureDefinition/gp-naps-script-authority-type">
    <valueCoding>
      <system value="https://www.naps.org.au/fhir/gp/CodeSystem/naps-script-authority-type"/>
      <code value="priv"/>
      <display value="Private"/>
    </valueCoding>
  </extension>
  <status value="unknown"/>
  <intent value="order"/>
  <!--  Antimicrobial  -->
  <medicationCodeableConcept>
    <text value="Valaciclovir"/>
  </medicationCodeableConcept>
  <subject>
    <reference value="Patient/naps-patient-2"/>
  </subject>
  <encounter>
    <reference value="Encounter/naps-encounter-2"/>
  </encounter>
  <!--  Age  -->
  <supportingInformation>
    <reference value="Observation/naps-age-lessthanmonth"/>
  </supportingInformation>
  <!--  Gestational Age Trimester  -->
  <supportingInformation>
    <reference value="Observation/naps-1st-trimester"/>
  </supportingInformation>
  <!--  Date of visit  -->
  <authoredOn value="2018-07-15"/>
  <requester>
    <reference value="PractitionerRole/naps-practitionerrole-3"/>
  </requester>
  <!--  Indication for Antimicrobial  -->
  <reasonCode>
    <text value="Infected prosthetic joint or bone prosthesis"/>
  </reasonCode>
  <dosageInstruction>
    <!--  Frequency 24 hourly, Once a day (d)  -->
    <timing>
      <repeat>
        <frequency value="1"/>
        <period value="24"/>
        <periodUnit value="h"/>
      </repeat>
    </timing>
    <!--  Route  -->
    <route>
      <coding>
        <system value="http://snomed.info/sct"/>
        <code value="26643006"/>
        <display value="Oral route"/>
      </coding>
    </route>
    <doseAndRate>
      <doseQuantity>
        <!--  Dose  -->
        <value value="500"/>
        <!--  Dose unit  -->
        <unit value="mL"/>
        <system value="http://unitsofmeasure.org"/>
        <code value="mL"/>
      </doseQuantity>
    </doseAndRate>
  </dosageInstruction>
</MedicationRequest>