<?xml version="1.0" encoding="UTF-8"?>

<MedicationRequest xmlns="http://hl7.org/fhir">
  <id value="rulide"/>
  <meta>
    <profile value="https://www.naps.org.au/fhir/gp/StructureDefinition/gp-naps-medicationrequest"/>
  </meta>
  <text>
    <status value="extensions"/><div xmlns="http://www.w3.org/1999/xhtml"><p><b>Generated Narrative: MedicationRequest</b><a name="rulide"> </a></p><div style="display: inline-block; background-color: #d9e0e7; padding: 6px; margin: 4px; border: 1px solid #8da1b4; border-radius: 5px; line-height: 60%"><p style="margin-bottom: 0px">Resource MedicationRequest &quot;rulide&quot; </p><p style="margin-bottom: 0px">Profile: <a href="StructureDefinition-gp-naps-medicationrequest.html">GP NAPS MedicationRequest</a></p></div><p><b>Prescription Authority Type</b>: Pharmaceutical Benefits Scheme (Details: https://www.naps.org.au/fhir/gp/CodeSystem/naps-script-authority-type code pbs = 'Pharmaceutical Benefits Scheme', stated as 'Pharmaceutical Benefits Scheme')</p><blockquote><p><b>Patient Sex Parameter For Clinical Use</b></p><blockquote><p><b>url</b></p><code>value</code></blockquote><p><b>value</b>: Apply male-typical setting or reference range <span style="background: LightGoldenRodYellow; margin: 4px; border: 1px solid khaki"> (<a href="CodeSystem-sex-parameter-for-clinical-use.html">Sex Parameter For Clinical Use</a>#male-typical)</span></p></blockquote><p><b>status</b>: unknown</p><p><b>intent</b>: order</p><p><b>medication</b>: Rulide 150 mg tablet <span style="background: LightGoldenRodYellow; margin: 4px; border: 1px solid khaki"> (<a href="https://browser.ihtsdotools.org/">SNOMED CT</a>#5368011000036100)</span></p><p><b>subject</b>: <a href="Patient-naps-patient-1.html">Patient/naps-patient-1</a></p><p><b>encounter</b>: <a href="Encounter-naps-encounter-1.html">Encounter/naps-encounter-1</a></p><p><b>supportingInformation</b>: <a href="Observation-naps-age-49y.html">Observation/naps-age-49y</a></p><p><b>authoredOn</b>: 2022-02-10</p><p><b>requester</b>: <a href="PractitionerRole-naps-practitionerrole-1.html">PractitionerRole/naps-practitionerrole-1</a></p><p><b>reasonCode</b>: Acute rhinosinusitis <span style="background: LightGoldenRodYellow; margin: 4px; border: 1px solid khaki"> (<a href="https://browser.ihtsdotools.org/">SNOMED CT</a>#431231008)</span></p><blockquote><p><b>dosageInstruction</b></p><p><b>text</b>: 1 tab Twice a day before meals</p><p><b>timing</b>: Code: Twice a day before meals</p><p><b>route</b>: Oral route <span style="background: LightGoldenRodYellow; margin: 4px; border: 1px solid khaki"> (<a href="https://browser.ihtsdotools.org/">SNOMED CT</a>#26643006)</span></p><blockquote><p><b>doseAndRate</b></p></blockquote></blockquote><h3>DispenseRequests</h3><table class="grid"><tr><td>-</td><td><b>ValidityPeriod</b></td><td><b>NumberOfRepeatsAllowed</b></td><td><b>Quantity</b></td></tr><tr><td>*</td><td>2022-02-10 --&gt; (ongoing)</td><td>1</td><td>10 Tab</td></tr></table></div>
  </text>
  <!--  Prescription Type  -->
  <extension url="https://www.naps.org.au/fhir/gp/StructureDefinition/gp-naps-script-authority-type">
    <valueCoding>
      <system value="https://www.naps.org.au/fhir/gp/CodeSystem/naps-script-authority-type"/>
      <code value="pbs"/>
      <display value="Pharmaceutical Benefits Scheme"/>
    </valueCoding>
  </extension>
  <!--  Sex for Clinical Use  -->
  <extension url="http://hl7.org/fhir/StructureDefinition/patient-sexParameterForClinicalUse">
    <extension url="value">
      <valueCodeableConcept>
        <coding>
          <system value="http://terminology.hl7.org/CodeSystem/sex-parameter-for-clinical-use"/>
          <code value="male-typical"/>
          <display value="Apply male-typical setting or reference range"/>
        </coding>
      </valueCodeableConcept>
    </extension>
  </extension>
  <status value="unknown"/>
  <intent value="order"/>
  <medicationCodeableConcept>
    <coding>
      <system value="http://snomed.info/sct"/>
      <code value="5368011000036100"/>
      <display value="Rulide 150 mg tablet"/>
    </coding>
    <text value="Rulide 150 mg tablet"/>
  </medicationCodeableConcept>
  <subject>
    <reference value="Patient/naps-patient-1"/>
  </subject>
  <encounter>
    <reference value="Encounter/naps-encounter-1"/>
  </encounter>
  <!--  Age  -->
  <supportingInformation>
    <reference value="Observation/naps-age-49y"/>
  </supportingInformation>
  <!--  Date of visit  -->
  <authoredOn value="2022-02-10"/>
  <!--  Prescriber  -->
  <requester>
    <reference value="PractitionerRole/naps-practitionerrole-1"/>
  </requester>
  <!--  Indication for Antimicrobial  -->
  <reasonCode>
    <coding>
      <system value="http://snomed.info/sct"/>
      <code value="431231008"/>
      <display value="Acute rhinosinusitis"/>
    </coding>
    <text value="Acute rhinosinusitis"/>
  </reasonCode>
  <dosageInstruction>
    <text value="1 tab Twice a day before meals"/>
    <!--  Frequency  -->
    <timing>
      <code>
        <text value="Twice a day before meals"/>
      </code>
    </timing>
    <!--  Route  -->
    <route>
      <coding>
        <system value="http://snomed.info/sct"/>
        <code value="26643006"/>
        <display value="Oral route"/>
      </coding>
    </route>
    <doseAndRate>
      <doseQuantity>
        <!--  Dose  -->
        <value value="1"/>
        <!--  Dose unit  -->
        <unit value="TAB"/>
        <system value="http://terminology.hl7.org/CodeSystem/v3-orderableDrugForm"/>
        <code value="TAB"/>
      </doseQuantity>
    </doseAndRate>
  </dosageInstruction>
  <dispenseRequest>
    <!--  Date of prescription  -->
    <validityPeriod>
      <start value="2022-02-10"/>
    </validityPeriod>
    <!--  Repeats  -->
    <numberOfRepeatsAllowed value="1"/>
    <!--  Quantity  -->
    <quantity>
      <value value="10"/>
      <unit value="Tab"/>
    </quantity>
  </dispenseRequest>
</MedicationRequest>