{
  "resourceType" : "Observation",
  "id" : "naps-age-49y",
  "meta" : {
    "profile" : ["https://www.naps.org.au/fhir/gp/StructureDefinition/gp-naps-age"]
  },
  "text" : {
    "status" : "generated",
    "div" : "<div xmlns=\"http://www.w3.org/1999/xhtml\"><p><b>Generated Narrative: Observation</b><a name=\"naps-age-49y\"> </a></p><div style=\"display: inline-block; background-color: #d9e0e7; padding: 6px; margin: 4px; border: 1px solid #8da1b4; border-radius: 5px; line-height: 60%\"><p style=\"margin-bottom: 0px\">Resource Observation &quot;naps-age-49y&quot; </p><p style=\"margin-bottom: 0px\">Profile: <a href=\"StructureDefinition-gp-naps-age.html\">GP NAPS Age</a></p></div><p><b>status</b>: final</p><p><b>code</b>: Age <span style=\"background: LightGoldenRodYellow; margin: 4px; border: 1px solid khaki\"> (<a href=\"https://browser.ihtsdotools.org/\">SNOMED CT</a>#424144002)</span></p><p><b>subject</b>: <a href=\"Patient-naps-patient-1.html\">Patient/naps-patient-1</a></p><p><b>effective</b>: 2022-02-10</p><p><b>value</b>: 49 year<span style=\"background: LightGoldenRodYellow\"> (Details: UCUM code a = 'a')</span></p></div>"
  },
  "status" : "final",
  "code" : {
    "coding" : [{
      "system" : "http://snomed.info/sct",
      "code" : "424144002"
    }],
    "text" : "Age"
  },
  "subject" : {
    "reference" : "Patient/naps-patient-1"
  },
  "effectiveDateTime" : "2022-02-10",
  "valueQuantity" : {
    "value" : 49,
    "unit" : "year",
    "system" : "http://unitsofmeasure.org",
    "code" : "a"
  }
}