<?xml version="1.0" encoding="UTF-8"?>

<Observation xmlns="http://hl7.org/fhir">
  <id value="naps-smokingstatus-1"/>
  <meta>
    <profile value="https://www.naps.org.au/fhir/gp/StructureDefinition/gp-naps-smokingstatus"/>
  </meta>
  <text>
    <status value="generated"/><div xmlns="http://www.w3.org/1999/xhtml"><p><b>Generated Narrative: Observation</b><a name="naps-smokingstatus-1"> </a></p><div style="display: inline-block; background-color: #d9e0e7; padding: 6px; margin: 4px; border: 1px solid #8da1b4; border-radius: 5px; line-height: 60%"><p style="margin-bottom: 0px">Resource Observation &quot;naps-smokingstatus-1&quot; </p><p style="margin-bottom: 0px">Profile: <a href="StructureDefinition-gp-naps-smokingstatus.html">GP NAPS Smoking Status</a></p></div><p><b>status</b>: final</p><p><b>category</b>: Social History <span style="background: LightGoldenRodYellow; margin: 4px; border: 1px solid khaki"> (<a href="http://terminology.hl7.org/5.0.0/CodeSystem-observation-category.html">Observation Category Codes</a>#social-history)</span></p><p><b>code</b>: Smoking status <span style="background: LightGoldenRodYellow; margin: 4px; border: 1px solid khaki"> (<a href="https://browser.ihtsdotools.org/">SNOMED CT</a>#266918002)</span></p><p><b>subject</b>: <a href="Patient-naps-patient-1.html">Patient/naps-patient-1</a></p><p><b>effective</b>: 2016-07-02</p><p><b>value</b>: Ex-smoker <span style="background: LightGoldenRodYellow; margin: 4px; border: 1px solid khaki"> (<a href="https://browser.ihtsdotools.org/">SNOMED CT</a>#8517006)</span></p></div>
  </text>
  <status value="final"/>
  <category>
    <coding>
      <system value="http://terminology.hl7.org/CodeSystem/observation-category"/>
      <code value="social-history"/>
      <display value="Social History"/>
    </coding>
    <text value="Social History"/>
  </category>
  <code>
    <coding>
      <system value="http://snomed.info/sct"/>
      <code value="266918002"/>
    </coding>
    <text value="Smoking status"/>
  </code>
  <subject>
    <reference value="Patient/naps-patient-1"/>
  </subject>
  <effectiveDateTime value="2016-07-02"/>
  <!--  Patient_Other substance use_Status > Patient_Smoking_Status  -->
  <valueCodeableConcept>
    <coding>
      <system value="http://snomed.info/sct"/>
      <code value="8517006"/>
      <display value="Ex-smoker"/>
    </coding>
  </valueCodeableConcept>
</Observation>