{
  "resourceType" : "Observation",
  "id" : "naps-egfr-1",
  "meta" : {
    "profile" : ["https://www.naps.org.au/fhir/gp/StructureDefinition/gp-naps-pathologyresult"]
  },
  "text" : {
    "status" : "generated",
    "div" : "<div xmlns=\"http://www.w3.org/1999/xhtml\"><p><b>Generated Narrative: Observation</b><a name=\"naps-egfr-1\"> </a></p><div style=\"display: inline-block; background-color: #d9e0e7; padding: 6px; margin: 4px; border: 1px solid #8da1b4; border-radius: 5px; line-height: 60%\"><p style=\"margin-bottom: 0px\">Resource Observation &quot;naps-egfr-1&quot; </p><p style=\"margin-bottom: 0px\">Profile: <a href=\"StructureDefinition-gp-naps-pathologyresult.html\">GP NAPS Pathology Result</a></p></div><p><b>status</b>: final</p><p><b>category</b>: Laboratory <span style=\"background: LightGoldenRodYellow; margin: 4px; border: 1px solid khaki\"> (<a href=\"http://terminology.hl7.org/5.0.0/CodeSystem-observation-category.html\">Observation Category Codes</a>#laboratory)</span></p><p><b>code</b>: Glomerular filtration rate/1.73 sq M.predicted [Volume Rate/Area] in Serum, Plasma or Blood by Creatinine-based formula (CKD-EPI) <span style=\"background: LightGoldenRodYellow; margin: 4px; border: 1px solid khaki\"> (<a href=\"https://loinc.org/\">LOINC</a>#62238-1)</span></p><p><b>subject</b>: <a href=\"Patient-naps-patient-1.html\">Patient/naps-patient-1</a></p><p><b>effective</b>: 2020-10-02</p><p><b>value</b>: &gt;60 mL/min/1.73m2<span style=\"background: LightGoldenRodYellow\"> (Details: UCUM code mL/min/{1.73_m2} = 'mL/min/{1.73_m2}')</span></p></div>"
  },
  "status" : "final",
  "category" : [{
    "coding" : [{
      "system" : "http://terminology.hl7.org/CodeSystem/observation-category",
      "code" : "laboratory",
      "display" : "Laboratory"
    }]
  }],
  "code" : {
    "coding" : [{
      "system" : "http://loinc.org",
      "code" : "62238-1"
    }]
  },
  "subject" : {
    "reference" : "Patient/naps-patient-1"
  },
  "effectiveDateTime" : "2020-10-02",
  "valueQuantity" : {
    "value" : 60,
    "comparator" : ">",
    "unit" : "mL/min/1.73m2",
    "system" : "http://unitsofmeasure.org",
    "code" : "mL/min/{1.73_m2}"
  }
}