<?xml version="1.0" encoding="UTF-8"?>

<Observation xmlns="http://hl7.org/fhir">
  <id value="naps-crcl-1"/>
  <meta>
    <profile value="https://www.naps.org.au/fhir/gp/StructureDefinition/gp-naps-pathologyresult"/>
  </meta>
  <text>
    <status value="generated"/><div xmlns="http://www.w3.org/1999/xhtml"><p><b>Generated Narrative: Observation</b><a name="naps-crcl-1"> </a></p><div style="display: inline-block; background-color: #d9e0e7; padding: 6px; margin: 4px; border: 1px solid #8da1b4; border-radius: 5px; line-height: 60%"><p style="margin-bottom: 0px">Resource Observation &quot;naps-crcl-1&quot; </p><p style="margin-bottom: 0px">Profile: <a href="StructureDefinition-gp-naps-pathologyresult.html">GP NAPS Pathology Result</a></p></div><p><b>status</b>: final</p><p><b>category</b>: Laboratory <span style="background: LightGoldenRodYellow; margin: 4px; border: 1px solid khaki"> (<a href="http://terminology.hl7.org/5.0.0/CodeSystem-observation-category.html">Observation Category Codes</a>#laboratory)</span></p><p><b>code</b>: Creatinine renal clearance in 24 hour Urine and Serum or Plasma <span style="background: LightGoldenRodYellow; margin: 4px; border: 1px solid khaki"> (<a href="https://loinc.org/">LOINC</a>#2164-2; <a href="https://browser.ihtsdotools.org/">SNOMED CT</a>#102811001 &quot;Creatinine renal clearance&quot;)</span></p><p><b>subject</b>: <a href="Patient-naps-patient-1.html">Patient/naps-patient-1</a></p><p><b>effective</b>: 2020-10-02</p><p><b>value</b>: 128 mL/min<span style="background: LightGoldenRodYellow"> (Details: UCUM code mL/min = 'mL/min')</span></p></div>
  </text>
  <status value="final"/>
  <category>
    <coding>
      <system value="http://terminology.hl7.org/CodeSystem/observation-category"/>
      <code value="laboratory"/>
      <display value="Laboratory"/>
    </coding>
  </category>
  <code>
    <coding>
      <system value="http://loinc.org"/>
      <code value="2164-2"/>
      <display value="Creatinine renal clearance in 24 hour Urine and Serum or Plasma"/>
    </coding>
    <coding>
      <system value="http://snomed.info/sct"/>
      <code value="102811001"/>
      <display value="Creatinine renal clearance"/>
    </coding>
  </code>
  <subject>
    <reference value="Patient/naps-patient-1"/>
  </subject>
  <effectiveDateTime value="2020-10-02"/>
  <valueQuantity>
    <value value="128"/>
    <unit value="mL/min"/>
    <system value="http://unitsofmeasure.org"/>
    <code value="mL/min"/>
  </valueQuantity>
</Observation>