<?xml version="1.0" encoding="UTF-8"?>

<Organization xmlns="http://hl7.org/fhir">
  <id value="naps-organization-1"/>
  <meta>
    <profile value="https://www.naps.org.au/fhir/gp/StructureDefinition/gp-naps-organization"/>
  </meta>
  <text>
    <status value="generated"/><div xmlns="http://www.w3.org/1999/xhtml"><p><b>Generated Narrative: Organization</b><a name="naps-organization-1"> </a></p><div style="display: inline-block; background-color: #d9e0e7; padding: 6px; margin: 4px; border: 1px solid #8da1b4; border-radius: 5px; line-height: 60%"><p style="margin-bottom: 0px">Resource Organization &quot;naps-organization-1&quot; </p><p style="margin-bottom: 0px">Profile: <a href="StructureDefinition-gp-naps-organization.html">GP NAPS Organization</a></p></div><p><b>identifier</b>: id: 3235209</p><p><b>type</b>: GP practice <span style="background: LightGoldenRodYellow; margin: 4px; border: 1px solid khaki"> (<a href="https://browser.ihtsdotools.org/">SNOMED CT</a>#394761003)</span></p><p><b>address</b>: QLD 4655 </p></div>
  </text>
  <!--  Practice name converted to NAPS practice registration identifier  -->
  <identifier>
    <system value="https://www.naps.org.au/id/practice"/>
    <value value="3235209"/>
  </identifier>
  <type>
    <coding>
      <system value="http://snomed.info/sct"/>
      <code value="394761003"/>
    </coding>
    <text value="GP practice"/>
  </type>
  <address>
    <!--  State/Territory  -->
    <state value="QLD"/>
    <!--  Postcode  -->
    <postalCode value="4655"/>
  </address>
</Organization>