<?xml version="1.0" encoding="UTF-8"?>

<Patient xmlns="http://hl7.org/fhir">
  <id value="naps-patient-2"/>
  <meta>
    <profile value="https://www.naps.org.au/fhir/gp/StructureDefinition/gp-naps-patient"/>
  </meta>
  <text>
    <status value="generated"/><div xmlns="http://www.w3.org/1999/xhtml"><p style="border: 1px #661aff solid; background-color: #e6e6ff; padding: 10px;"><b>Anonymous Patient</b> (no stated gender), DoB Unknown</p><hr/><table class="grid"><tr><td style="background-color: #f3f5da" title="This extension applies to the Patient resource and is used to indicate whether a person identifies as being of Aboriginal or Torres Strait Islander origin."><a href="https://build.fhir.org/ig/hl7au/au-fhir-base//StructureDefinition-indigenous-status.html">Australian Indigenous Status:</a></td><td colspan="3"><ul><li>https://healthterminologies.gov.au/fhir/CodeSystem/australian-indigenous-status-1 3: Both Aboriginal and Torres Strait Islander origin</li></ul></td></tr></table></div>
  </text>
  <!--  Indigenous Status  -->
  <extension url="http://hl7.org.au/fhir/StructureDefinition/indigenous-status">
    <valueCoding>
      <system value="https://healthterminologies.gov.au/fhir/CodeSystem/australian-indigenous-status-1"/>
      <code value="3"/>
      <display value="Both Aboriginal and Torres Strait Islander origin"/>
    </valueCoding>
  </extension>
</Patient>