{
  "resourceType" : "PractitionerRole",
  "id" : "naps-practitionerrole-1",
  "meta" : {
    "profile" : ["https://www.naps.org.au/fhir/gp/StructureDefinition/gp-naps-practitionerrole"]
  },
  "text" : {
    "status" : "generated",
    "div" : "<div xmlns=\"http://www.w3.org/1999/xhtml\"><p><b>Generated Narrative: PractitionerRole</b><a name=\"naps-practitionerrole-1\"> </a></p><div style=\"display: inline-block; background-color: #d9e0e7; padding: 6px; margin: 4px; border: 1px solid #8da1b4; border-radius: 5px; line-height: 60%\"><p style=\"margin-bottom: 0px\">Resource PractitionerRole &quot;naps-practitionerrole-1&quot; </p><p style=\"margin-bottom: 0px\">Profile: <a href=\"StructureDefinition-gp-naps-practitionerrole.html\">GP NAPS PractitionerRole</a></p></div><p><b>practitioner</b>: <span/></p><p><b>organization</b>: <a href=\"Organization-naps-organization-1.html\">Organization/naps-organization-1</a></p><p><b>code</b>: General practitioner <span style=\"background: LightGoldenRodYellow; margin: 4px; border: 1px solid khaki\"> (<a href=\"https://browser.ihtsdotools.org/\">SNOMED CT</a>#62247001)</span></p></div>"
  },
  "practitioner" : {
    "identifier" : {
      "system" : "https://www.naps.org.au/id/practice-scoped/14124/prescriber/",
      "value" : "3235209"
    }
  },
  "organization" : {
    "reference" : "Organization/naps-organization-1"
  },
  "code" : [{
    "coding" : [{
      "system" : "http://snomed.info/sct",
      "code" : "62247001"
    }],
    "text" : "General practitioner"
  }]
}