<?xml version="1.0" encoding="UTF-8"?>

<PractitionerRole xmlns="http://hl7.org/fhir">
  <id value="naps-practitionerrole-2"/>
  <meta>
    <profile value="https://www.naps.org.au/fhir/gp/StructureDefinition/gp-naps-practitionerrole"/>
  </meta>
  <text>
    <status value="generated"/><div xmlns="http://www.w3.org/1999/xhtml"><p><b>Generated Narrative: PractitionerRole</b><a name="naps-practitionerrole-2"> </a></p><div style="display: inline-block; background-color: #d9e0e7; padding: 6px; margin: 4px; border: 1px solid #8da1b4; border-radius: 5px; line-height: 60%"><p style="margin-bottom: 0px">Resource PractitionerRole &quot;naps-practitionerrole-2&quot; </p><p style="margin-bottom: 0px">Profile: <a href="StructureDefinition-gp-naps-practitionerrole.html">GP NAPS PractitionerRole</a></p></div><p><b>practitioner</b>: <span/></p><p><b>organization</b>: <a href="Organization-naps-organization-1.html">Organization/naps-organization-1</a></p><p><b>code</b>: Registered nurse <span style="background: LightGoldenRodYellow; margin: 4px; border: 1px solid khaki"> ()</span></p></div>
  </text>
  <practitioner>
    <!--  Prescriber Number converted to Prescriber Id managed by local system within their registration segment  -->
    <identifier>
      <system value="https://www.naps.org.au/id/practice-scoped/14124/prescriber/"/>
      <value value="3235210"/>
    </identifier>
  </practitioner>
  <organization>
    <reference value="Organization/naps-organization-1"/>
  </organization>
  <!--  Specialty  -->
  <code>
    <text value="Registered nurse"/>
  </code>
</PractitionerRole>