<?xml version="1.0" encoding="UTF-8"?>

<PractitionerRole xmlns="http://hl7.org/fhir">
  <id value="naps-practitionerrole-3"/>
  <meta>
    <profile value="https://www.naps.org.au/fhir/gp/StructureDefinition/gp-naps-practitionerrole"/>
  </meta>
  <text>
    <status value="generated"/><div xmlns="http://www.w3.org/1999/xhtml"><p><b>Generated Narrative: PractitionerRole</b><a name="naps-practitionerrole-3"> </a></p><div style="display: inline-block; background-color: #d9e0e7; padding: 6px; margin: 4px; border: 1px solid #8da1b4; border-radius: 5px; line-height: 60%"><p style="margin-bottom: 0px">Resource PractitionerRole &quot;naps-practitionerrole-3&quot; </p><p style="margin-bottom: 0px">Profile: <a href="StructureDefinition-gp-naps-practitionerrole.html">GP NAPS PractitionerRole</a></p></div><p><b>organization</b>: <a href="Organization-naps-organization-2.html">Organization/naps-organization-2</a></p><p><b>code</b>: Oncologist <span style="background: LightGoldenRodYellow; margin: 4px; border: 1px solid khaki"> (<a href="https://browser.ihtsdotools.org/">SNOMED CT</a>#394593009)</span></p></div>
  </text>
  <organization>
    <reference value="Organization/naps-organization-2"/>
  </organization>
  <!--  Specialty  -->
  <code>
    <coding>
      <system value="http://snomed.info/sct"/>
      <code value="394593009"/>
    </coding>
    <text value="Oncologist"/>
  </code>
</PractitionerRole>