<?xml version="1.0" encoding="UTF-8"?>

<Specimen xmlns="http://hl7.org/fhir">
  <id value="nasoswab"/>
  <meta>
    <profile value="https://www.naps.org.au/fhir/gp/StructureDefinition/gp-naps-specimen"/>
  </meta>
  <text>
    <status value="generated"/><div xmlns="http://www.w3.org/1999/xhtml"><p><b>Generated Narrative: Specimen</b><a name="nasoswab"> </a></p><div style="display: inline-block; background-color: #d9e0e7; padding: 6px; margin: 4px; border: 1px solid #8da1b4; border-radius: 5px; line-height: 60%"><p style="margin-bottom: 0px">Resource Specimen &quot;nasoswab&quot; </p><p style="margin-bottom: 0px">Profile: <a href="StructureDefinition-gp-naps-specimen.html">GP NAPS Specimen</a></p></div><p><b>type</b>: Nasopharyngeal swab <span style="background: LightGoldenRodYellow; margin: 4px; border: 1px solid khaki"> (<a href="https://browser.ihtsdotools.org/">SNOMED CT</a>#258500001)</span></p><p><b>subject</b>: <a href="Patient-naps-patient-3.html">Patient/naps-patient-3</a></p><h3>Collections</h3><table class="grid"><tr><td>-</td><td><b>Collected[x]</b></td></tr><tr><td>*</td><td>2021-02-15 12:00:00+1000</td></tr></table></div>
  </text>
  <type>
    <coding>
      <system value="http://snomed.info/sct"/>
      <code value="258500001"/>
      <display value="Nasopharyngeal swab"/>
    </coding>
  </type>
  <subject>
    <reference value="Patient/naps-patient-3"/>
  </subject>
  <collection>
    <collectedDateTime value="2021-02-15T12:00:00+10:00"/>
  </collection>
</Specimen>