{
  "package": "naps.fhir.au.gp",
  "version": "0.1.1-draft",
  "fhirVersion": "4.0.1",
  "jurisdiction": "AU",
  "extensions": [
    {
      "url": "http://hl7.org/fhir/StructureDefinition/patient-sexParameterForClinicalUse",
      "title": "Patient Sex Parameter For Clinical Use",
      "types": [
        "CodeableConcept",
        "Period",
        "string",
        "Reference",
        "base64Binary",
        "boolean",
        "canonical",
        "code",
        "date",
        "dateTime",
        "decimal",
        "id",
        "instant",
        "integer",
        "markdown",
        "oid",
        "positiveInt",
        "string",
        "time",
        "unsignedInt",
        "uri",
        "url",
        "uuid",
        "Address",
        "Age",
        "Annotation",
        "Attachment",
        "CodeableConcept",
        "Coding",
        "ContactPoint",
        "Count",
        "Distance",
        "Duration",
        "HumanName",
        "Identifier",
        "Money",
        "Period",
        "Quantity",
        "Range",
        "Ratio",
        "Reference",
        "SampledData",
        "Signature",
        "Timing",
        "ContactDetail",
        "Contributor",
        "DataRequirement",
        "Expression",
        "ParameterDefinition",
        "RelatedArtifact",
        "TriggerDefinition",
        "UsageContext",
        "Dosage",
        "Meta"
      ]
    },
    {
      "url": "https://www.naps.org.au/fhir/gp/StructureDefinition/gp-naps-script-authority-type",
      "title": "Prescription Authority Type",
      "types": [
        "Coding"
      ]
    }
  ],
  "profiles": {
    "Observation": [
      {
        "url": "https://www.naps.org.au/fhir/gp/StructureDefinition/gp-naps-smokingstatus",
        "title": "GP NAPS Smoking Status"
      }
    ],
    "AllergyIntolerance": [
      {
        "url": "https://www.naps.org.au/fhir/gp/StructureDefinition/gp-naps-allergyintolerance",
        "title": "GP NAPS AllergyIntolerance"
      }
    ],
    "Encounter": [
      {
        "url": "https://www.naps.org.au/fhir/gp/StructureDefinition/gp-naps-encounter",
        "title": "GP NAPS Encounter"
      }
    ],
    "MedicationRequest": [
      {
        "url": "https://www.naps.org.au/fhir/gp/StructureDefinition/gp-naps-medicationrequest",
        "title": "GP NAPS MedicationRequest"
      }
    ],
    "MedicationStatement": [
      {
        "url": "https://www.naps.org.au/fhir/gp/StructureDefinition/gp-naps-medicationstatement",
        "title": "GP NAPS MedicationStatement"
      }
    ],
    "Organization": [
      {
        "url": "https://www.naps.org.au/fhir/gp/StructureDefinition/gp-naps-organization",
        "title": "GP NAPS Organization"
      }
    ],
    "Patient": [
      {
        "url": "https://www.naps.org.au/fhir/gp/StructureDefinition/gp-naps-patient",
        "title": "GP NAPS Patient"
      }
    ],
    "PractitionerRole": [
      {
        "url": "https://www.naps.org.au/fhir/gp/StructureDefinition/gp-naps-practitionerrole",
        "title": "GP NAPS PractitionerRole"
      }
    ],
    "Specimen": [
      {
        "url": "https://www.naps.org.au/fhir/gp/StructureDefinition/gp-naps-specimen",
        "title": "GP NAPS Specimen"
      }
    ]
  },
  "usage": {
    "http://hl7.org.au/fhir/StructureDefinition/associated-healthcareservice": [
      "Encounter"
    ],
    "http://hl7.org.au/fhir/StructureDefinition/au-timezone": [
      "PractitionerRole.availableTime.availableEndTime",
      "PractitionerRole.availableTime.availableStartTime"
    ],
    "http://hl7.org.au/fhir/StructureDefinition/closing-the-gap-registration": [
      "Patient"
    ],
    "http://hl7.org.au/fhir/StructureDefinition/date-accuracy-indicator": [
      "Patient.birthDate",
      "Patient.deceased[x]"
    ],
    "http://hl7.org.au/fhir/StructureDefinition/date-of-arrival": [
      "Patient"
    ],
    "http://hl7.org.au/fhir/StructureDefinition/encounter-description": [
      "Encounter"
    ],
    "http://hl7.org.au/fhir/StructureDefinition/indigenous-status": [
      "Bundle.entry.resource",
      "Patient"
    ],
    "http://hl7.org.au/fhir/StructureDefinition/medication-long-term": [
      "Bundle.entry.resource",
      "MedicationStatement"
    ],
    "http://hl7.org.au/fhir/StructureDefinition/medication-type": [
      "MedicationRequest.medication[x].coding",
      "MedicationStatement.medication[x].coding"
    ],
    "http://hl7.org.au/fhir/StructureDefinition/subsidised-concurrent-supply": [
      "MedicationRequest"
    ],
    "http://hl7.org/fhir/StructureDefinition/elementdefinition-bestpractice": [
      "StructureDefinition.snapshot.element.constraint"
    ],
    "http://hl7.org/fhir/StructureDefinition/elementdefinition-bestpractice-explanation": [
      "StructureDefinition.snapshot.element.constraint"
    ],
    "http://hl7.org/fhir/StructureDefinition/elementdefinition-bindingName": [
      "StructureDefinition.differential.element.binding",
      "StructureDefinition.snapshot.element.binding"
    ],
    "http://hl7.org/fhir/StructureDefinition/elementdefinition-isCommonBinding": [
      "StructureDefinition.snapshot.element.binding"
    ],
    "http://hl7.org/fhir/StructureDefinition/elementdefinition-maxValueSet": [
      "StructureDefinition.snapshot.element.binding"
    ],
    "http://hl7.org/fhir/StructureDefinition/elementdefinition-translatable": [
      "StructureDefinition.snapshot.element"
    ],
    "http://hl7.org/fhir/StructureDefinition/patient-birthPlace": [
      "Patient"
    ],
    "http://hl7.org/fhir/StructureDefinition/patient-birthTime": [
      "Patient.birthDate"
    ],
    "http://hl7.org/fhir/StructureDefinition/patient-genderIdentity": [
      "Patient"
    ],
    "http://hl7.org/fhir/StructureDefinition/patient-interpreterRequired": [
      "Patient"
    ],
    "http://hl7.org/fhir/StructureDefinition/patient-mothersMaidenName": [
      "Patient"
    ],
    "http://hl7.org/fhir/StructureDefinition/patient-sexParameterForClinicalUse": [
      "MedicationRequest"
    ],
    "http://hl7.org/fhir/StructureDefinition/regex": [
      "StructureDefinition.snapshot.element.type"
    ],
    "http://hl7.org/fhir/StructureDefinition/structuredefinition-display-hint": [
      "StructureDefinition.snapshot.element"
    ],
    "http://hl7.org/fhir/StructureDefinition/structuredefinition-explicit-type-name": [
      "StructureDefinition.snapshot.element"
    ],
    "http://hl7.org/fhir/StructureDefinition/structuredefinition-fhir-type": [
      "StructureDefinition.snapshot.element.type"
    ],
    "http://hl7.org/fhir/StructureDefinition/structuredefinition-fmm": [
      "StructureDefinition"
    ],
    "http://hl7.org/fhir/StructureDefinition/structuredefinition-hierarchy": [
      "StructureDefinition.snapshot.element.type"
    ],
    "http://hl7.org/fhir/StructureDefinition/structuredefinition-standards-status": [
      "CodeSystem",
      "StructureDefinition",
      "StructureDefinition.snapshot.element",
      "ValueSet"
    ],
    "http://hl7.org/fhir/StructureDefinition/structuredefinition-wg": [
      "CodeSystem",
      "StructureDefinition",
      "ValueSet"
    ],
    "http://hl7.org/fhir/tools/StructureDefinition/ig-page-name": [
      "ImplementationGuide.definition.page",
      "ImplementationGuide.definition.page.page",
      "ImplementationGuide.definition.page.page.page"
    ],
    "http://hl7.org/fhir/tools/StructureDefinition/ig-parameter": [
      "ImplementationGuide.definition"
    ],
    "http://hl7.org/fhir/tools/StructureDefinition/implementationguide-dependency-comment": [
      "ImplementationGuide.dependsOn"
    ],
    "http://hl7.org/fhir/tools/StructureDefinition/resource-information": [
      "ImplementationGuide.definition.resource"
    ],
    "https://www.naps.org.au/fhir/gp/StructureDefinition/gp-naps-script-authority-type": [
      "Bundle.entry.resource",
      "MedicationRequest"
    ]
  }
}