{
  "resourceType" : "ValueSet",
  "id" : "naps-age-units",
  "meta" : {
    "profile" : ["http://hl7.org/fhir/StructureDefinition/shareablevalueset"]
  },
  "text" : {
    "status" : "generated",
    "div" : "<div xmlns=\"http://www.w3.org/1999/xhtml\"><ul><li>Include these codes as defined in <a href=\"http://unitsofmeasure.org\"><code>http://unitsofmeasure.org</code></a><table class=\"none\"><tr><td style=\"white-space:nowrap\"><b>Code</b></td><td><b>Display</b></td></tr><tr><td>mo</td><td>months</td></tr><tr><td>a</td><td>years</td></tr></table></li></ul></div>"
  },
  "url" : "https://www.naps.org.au/fhir/gp/ValueSet/naps-age-units",
  "version" : "0.1.1-draft",
  "name" : "NAPSAgeUnits",
  "title" : "NAPS Age Units",
  "status" : "draft",
  "experimental" : false,
  "date" : "2023-04-27T18:00:13+10:00",
  "publisher" : "National Centre for Antimicrobial Stewardship",
  "contact" : [{
    "telecom" : [{
      "system" : "url",
      "value" : "https://www.naps.org.au/"
    }]
  }],
  "description" : "The NAPS Age Units value set includes values from UCUM (Unified Code for Units of Measure) for the supported age units (days, weeks, months, years).",
  "jurisdiction" : [{
    "coding" : [{
      "system" : "urn:iso:std:iso:3166",
      "code" : "AU"
    }]
  }],
  "copyright" : "The UCUM codes, UCUM table (regardless of format), and UCUM Specification are copyright © 1999-2009, Regenstrief Institute, Inc. and the Unified Codes for Units of Measures (UCUM) Organization. All rights reserved.",
  "compose" : {
    "include" : [{
      "system" : "http://unitsofmeasure.org",
      "concept" : [{
        "code" : "mo",
        "display" : "months"
      },
      {
        "code" : "a",
        "display" : "years"
      }]
    }]
  }
}